,System,Code,Type,Concept Name,Weight,Code Value
0,SNOMED-CT,329923004,.\PHVS_DrugDiseaseInteraction_Dengue.txt,Aceclofenac (product),,
1,SNOMED-CT,329925006,.\PHVS_DrugDiseaseInteraction_Dengue.txt,Aceclofenac 100mg tablet (product),,
2,SNOMED-CT,329906008,.\PHVS_DrugDiseaseInteraction_Dengue.txt,Acemetacin (product),,
3,SNOMED-CT,329907004,.\PHVS_DrugDiseaseInteraction_Dengue.txt,Acemetacin 60mg capsule (product),,
4,SNOMED-CT,400314006,.\PHVS_DrugDiseaseInteraction_Dengue.txt,Acetaminophen + phenyltoloxamine citrate + salicylamide (product),,
5,SNOMED-CT,377381003,.\PHVS_DrugDiseaseInteraction_Dengue.txt,Acetaminophen + phenyltoloxamine citrate + salicylamide 300mg/20mg/200mg capsule (product),,
6,SNOMED-CT,377391009,.\PHVS_DrugDiseaseInteraction_Dengue.txt,Acetaminophen + phenyltoloxamine citrate + salicylamide 300mg/20mg/200mg tablet (product),,
7,SNOMED-CT,398663003,.\PHVS_DrugDiseaseInteraction_Dengue.txt,Acetaminophen + salicylamide (product),,
8,SNOMED-CT,412559002,.\PHVS_DrugDiseaseInteraction_Dengue.txt,Acetaminophen + salicylamide + caffeine (product),,
9,SNOMED-CT,377440005,.\PHVS_DrugDiseaseInteraction_Dengue.txt,Acetaminophen + salicylamide 250mg/600mg tablet (product),,
10,SNOMED-CT,424102008,.\PHVS_DrugDiseaseInteraction_Dengue.txt,Acetaminophen+aspirin (product),,
11,SNOMED-CT,398785002,.\PHVS_DrugDiseaseInteraction_Dengue.txt,Acetaminophen+sodium salicylate (product),,
12,SNOMED-CT,329543000,.\PHVS_DrugDiseaseInteraction_Dengue.txt,Apazone (product),,
13,SNOMED-CT,329546008,.\PHVS_DrugDiseaseInteraction_Dengue.txt,Apazone 300mg capsule (product),,
14,SNOMED-CT,329547004,.\PHVS_DrugDiseaseInteraction_Dengue.txt,Apazone 600mg tablet (product),,
15,SNOMED-CT,7947003,.\PHVS_DrugDiseaseInteraction_Dengue.txt,Aspirin (product),,
16,SNOMED-CT,412568000,.\PHVS_DrugDiseaseInteraction_Dengue.txt,Aspirin + acetaminophen + caffeine (product),,
17,SNOMED-CT,398989001,.\PHVS_DrugDiseaseInteraction_Dengue.txt,Aspirin + butalbital + caffeine (product),,
18,SNOMED-CT,398678005,.\PHVS_DrugDiseaseInteraction_Dengue.txt,Aspirin + butalbital + caffeine + codeine phosphate (product),,
19,SNOMED-CT,377193004,.\PHVS_DrugDiseaseInteraction_Dengue.txt,Aspirin + butalbital + caffeine 325mg/50mg/40mg capsule (product),,
20,SNOMED-CT,377194005,.\PHVS_DrugDiseaseInteraction_Dengue.txt,Aspirin + butalbital + caffeine 325mg/50mg/40mg tablet (product),,
21,SNOMED-CT,412569008,.\PHVS_DrugDiseaseInteraction_Dengue.txt,Aspirin + caffeine (product),,
22,SNOMED-CT,398774004,.\PHVS_DrugDiseaseInteraction_Dengue.txt,Aspirin + caffeine + dihydrocodeine bitartrate (product),,
23,SNOMED-CT,377195006,.\PHVS_DrugDiseaseInteraction_Dengue.txt,Aspirin + caffeine + dihydrocodeine bitartrate 356.4mg/30mg/16mg capsule (product),,
24,SNOMED-CT,377196007,.\PHVS_DrugDiseaseInteraction_Dengue.txt,Aspirin + caffeine + orphenadrine citrate 385mg/30mg/25mg tablet (product),,
25,SNOMED-CT,377197003,.\PHVS_DrugDiseaseInteraction_Dengue.txt,Aspirin + caffeine + orphenadrine citrate 428mg/30mg/25mg tablet (product),,
26,SNOMED-CT,377199000,.\PHVS_DrugDiseaseInteraction_Dengue.txt,Aspirin + caffeine + orphenadrine citrate 770mg/60mg/50mg tablet (product),,
27,SNOMED-CT,377200002,.\PHVS_DrugDiseaseInteraction_Dengue.txt,Aspirin + caffeine + orphenadrine citrate 856mg/60mg/50mg tablet (product),,
28,SNOMED-CT,398748005,.\PHVS_DrugDiseaseInteraction_Dengue.txt,Aspirin + caffeine + propoxyphene hydrochloride (product),,
29,SNOMED-CT,412647005,.\PHVS_DrugDiseaseInteraction_Dengue.txt,Aspirin + caffeine + propoxyphene hydrochloride 389mg/32.4mg/32mg capsule (product),,
30,SNOMED-CT,377201003,.\PHVS_DrugDiseaseInteraction_Dengue.txt,Aspirin + caffeine + propoxyphene hydrochloride 389mg/32.4mg/65mg capsule (product),,
31,SNOMED-CT,398649009,.\PHVS_DrugDiseaseInteraction_Dengue.txt,Aspirin + carisoprodol (product),,
32,SNOMED-CT,398911008,.\PHVS_DrugDiseaseInteraction_Dengue.txt,Aspirin + carisoprodol + codeine phosphate (product),,
33,SNOMED-CT,377202005,.\PHVS_DrugDiseaseInteraction_Dengue.txt,Aspirin + carisoprodol + codeine phosphate 325mg/200mg/16mg tablet (product),,
34,SNOMED-CT,377203000,.\PHVS_DrugDiseaseInteraction_Dengue.txt,Aspirin + carisoprodol 325mg/200mg tablet (product),,
35,SNOMED-CT,412095002,.\PHVS_DrugDiseaseInteraction_Dengue.txt,Aspirin + cinnamedrine + caffeine (product),,
36,SNOMED-CT,412096001,.\PHVS_DrugDiseaseInteraction_Dengue.txt,Aspirin + codeine (product),,
37,SNOMED-CT,404785009,.\PHVS_DrugDiseaseInteraction_Dengue.txt,Aspirin + codeine 300mg/8mg tablet (product),,
38,SNOMED-CT,322310004,.\PHVS_DrugDiseaseInteraction_Dengue.txt,Aspirin + codeine 400mg/8mg dispersible tablet (product),,
39,SNOMED-CT,407906007,.\PHVS_DrugDiseaseInteraction_Dengue.txt,Aspirin + codeine 500mg/8mg dispersible tablet (product),,
40,SNOMED-CT,400426002,.\PHVS_DrugDiseaseInteraction_Dengue.txt,Aspirin + cyclizine hydrochloride (product),,
41,SNOMED-CT,398906006,.\PHVS_DrugDiseaseInteraction_Dengue.txt,Aspirin + hydrocodone bitartrate (product),,
42,SNOMED-CT,377204006,.\PHVS_DrugDiseaseInteraction_Dengue.txt,Aspirin + hydrocodone bitartrate 500mg/5mg tablet (product),,
43,SNOMED-CT,398683002,.\PHVS_DrugDiseaseInteraction_Dengue.txt,Aspirin + meprobamate (product),,
44,SNOMED-CT,377205007,.\PHVS_DrugDiseaseInteraction_Dengue.txt,Aspirin + meprobamate 325mg/200mg tablet (product),,
45,SNOMED-CT,400489006,.\PHVS_DrugDiseaseInteraction_Dengue.txt,Aspirin + methocarbamol (product),,
46,SNOMED-CT,377206008,.\PHVS_DrugDiseaseInteraction_Dengue.txt,Aspirin + methocarbamol 325mg/400mg tablet (product),,
47,SNOMED-CT,412460009,.\PHVS_DrugDiseaseInteraction_Dengue.txt,Aspirin + oxycodone hydrochloride (product),,
48,SNOMED-CT,400254006,.\PHVS_DrugDiseaseInteraction_Dengue.txt,Aspirin + oxycodone hydrochloride + oxycodone terephthalate (product),,
49,SNOMED-CT,377207004,.\PHVS_DrugDiseaseInteraction_Dengue.txt,Aspirin + oxycodone hydrochloride + oxycodone terephthalate 325mg/2.25mg/0.19mg tablet (product),,
50,SNOMED-CT,377209001,.\PHVS_DrugDiseaseInteraction_Dengue.txt,Aspirin + oxycodone hydrochloride + oxycodone terephthalate 325mg/4.5mg/0.38mg tablet (product),,
51,SNOMED-CT,400776001,.\PHVS_DrugDiseaseInteraction_Dengue.txt,Aspirin + pentazocine hydrochloride (product),,
52,SNOMED-CT,377210006,.\PHVS_DrugDiseaseInteraction_Dengue.txt,Aspirin + pentazocine hydrochloride 325mg tablet (product),,
53,SNOMED-CT,370176001,.\PHVS_DrugDiseaseInteraction_Dengue.txt,Aspirin 120mg suppository (product),,
54,SNOMED-CT,322233001,.\PHVS_DrugDiseaseInteraction_Dengue.txt,Aspirin 150mg suppository (product),,
55,SNOMED-CT,370168003,.\PHVS_DrugDiseaseInteraction_Dengue.txt,Aspirin 165mg e/c tablet (product),,
56,SNOMED-CT,370177005,.\PHVS_DrugDiseaseInteraction_Dengue.txt,Aspirin 200mg suppository (product),,
57,SNOMED-CT,370165000,.\PHVS_DrugDiseaseInteraction_Dengue.txt,Aspirin 227.5mg gum tablet (product),,
58,SNOMED-CT,413586006,.\PHVS_DrugDiseaseInteraction_Dengue.txt,Aspirin 250mg/acetaminophen250mg/caffeine 65mg tablet (product),,
59,SNOMED-CT,329526003,.\PHVS_DrugDiseaseInteraction_Dengue.txt,Aspirin 300mg dispersible tablet (product),,
60,SNOMED-CT,322225002,.\PHVS_DrugDiseaseInteraction_Dengue.txt,Aspirin 300mg e/c tablet (product),,
61,SNOMED-CT,322231004,.\PHVS_DrugDiseaseInteraction_Dengue.txt,Aspirin 300mg soluble tablet (product),,
62,SNOMED-CT,322232006,.\PHVS_DrugDiseaseInteraction_Dengue.txt,Aspirin 300mg suppository (product),,
63,SNOMED-CT,329525004,.\PHVS_DrugDiseaseInteraction_Dengue.txt,Aspirin 300mg tablet (product),,
64,SNOMED-CT,370169006,.\PHVS_DrugDiseaseInteraction_Dengue.txt,Aspirin 325mg e/c tablet (product),,
65,SNOMED-CT,370166004,.\PHVS_DrugDiseaseInteraction_Dengue.txt,Aspirin 325mg tablet (product),,
66,SNOMED-CT,409317009,.\PHVS_DrugDiseaseInteraction_Dengue.txt,Aspirin 325mg tablet/pravastatin 20mg tablet (product),,
67,SNOMED-CT,409316000,.\PHVS_DrugDiseaseInteraction_Dengue.txt,Aspirin 325mg tablet/pravastatin 40mg tablet (product),,
68,SNOMED-CT,409315001,.\PHVS_DrugDiseaseInteraction_Dengue.txt,Aspirin 325mg tablet/pravastatin 80mg tablet (product),,
69,SNOMED-CT,412575004,.\PHVS_DrugDiseaseInteraction_Dengue.txt,Aspirin 325mg/codeine 30mg tablet (product),,
70,SNOMED-CT,412576003,.\PHVS_DrugDiseaseInteraction_Dengue.txt,Aspirin 325mg/codeine 60mg tablet (product),,
71,SNOMED-CT,386038008,.\PHVS_DrugDiseaseInteraction_Dengue.txt,Aspirin 500mg e/c tablet (product),,
72,SNOMED-CT,322234007,.\PHVS_DrugDiseaseInteraction_Dengue.txt,Aspirin 500mg soluble tablet (product),,
73,SNOMED-CT,370178000,.\PHVS_DrugDiseaseInteraction_Dengue.txt,Aspirin 600mg suppository (product),,
74,SNOMED-CT,370170007,.\PHVS_DrugDiseaseInteraction_Dengue.txt,Aspirin 650mg e/c tablet (product),,
75,SNOMED-CT,370173009,.\PHVS_DrugDiseaseInteraction_Dengue.txt,Aspirin 650mg m/r tablet (product),,
76,SNOMED-CT,319773006,.\PHVS_DrugDiseaseInteraction_Dengue.txt,Aspirin 75mg dispersible tablet (product),,
77,SNOMED-CT,319781007,.\PHVS_DrugDiseaseInteraction_Dengue.txt,Aspirin 75mg e/c tablet (product),,
78,SNOMED-CT,319793003,.\PHVS_DrugDiseaseInteraction_Dengue.txt,Aspirin 75mg soluble tablet (product),,
79,SNOMED-CT,319775004,.\PHVS_DrugDiseaseInteraction_Dengue.txt,Aspirin 75mg tablet (product),,
80,SNOMED-CT,370174003,.\PHVS_DrugDiseaseInteraction_Dengue.txt,Aspirin 800mg m/r tablet (product),,
81,SNOMED-CT,374744009,.\PHVS_DrugDiseaseInteraction_Dengue.txt,Aspirin 800mg tablet (product),,
82,SNOMED-CT,370164001,.\PHVS_DrugDiseaseInteraction_Dengue.txt,Aspirin 81mg chewable tablet (product),,
83,SNOMED-CT,370167008,.\PHVS_DrugDiseaseInteraction_Dengue.txt,Aspirin 81mg e/c tablet (product),,
84,SNOMED-CT,370175002,.\PHVS_DrugDiseaseInteraction_Dengue.txt,Aspirin 81mg m/r tablet (product),,
85,SNOMED-CT,409312003,.\PHVS_DrugDiseaseInteraction_Dengue.txt,Aspirin 81mg tablet/pravastatin 20mg tablet (product),,
86,SNOMED-CT,409313008,.\PHVS_DrugDiseaseInteraction_Dengue.txt,Aspirin 81mg tablet/pravastatin 40mg tablet (product),,
87,SNOMED-CT,409314002,.\PHVS_DrugDiseaseInteraction_Dengue.txt,Aspirin 81mg tablet/pravastatin 80mg tablet (product),,
88,SNOMED-CT,370171006,.\PHVS_DrugDiseaseInteraction_Dengue.txt,Aspirin 975mg e/c tablet (product),,
89,SNOMED-CT,386037003,.\PHVS_DrugDiseaseInteraction_Dengue.txt,Aspirin 975mg m/r tablet (product),,
90,SNOMED-CT,376250003,.\PHVS_DrugDiseaseInteraction_Dengue.txt,Aspirin 975mg tablet (product),,
91,SNOMED-CT,350315002,.\PHVS_DrugDiseaseInteraction_Dengue.txt,Aspirin compound preparation (product),,
92,SNOMED-CT,405747002,.\PHVS_DrugDiseaseInteraction_Dengue.txt,Aspirin not given (finding),,
93,SNOMED-CT,371226001,.\PHVS_DrugDiseaseInteraction_Dengue.txt,Aspirin+butalbital+caffeine+codeine phosphate 325mg/50mg/40mg/30mg capsule (product),,
94,SNOMED-CT,398767009,.\PHVS_DrugDiseaseInteraction_Dengue.txt,Aspirin+glycine (product),,
95,SNOMED-CT,347070003,.\PHVS_DrugDiseaseInteraction_Dengue.txt,Aspirin+glycine 500mg/133mg dispersible tablet (product),,
96,SNOMED-CT,400487008,.\PHVS_DrugDiseaseInteraction_Dengue.txt,Aspirin+metoclopramide (product),,
97,SNOMED-CT,322784004,.\PHVS_DrugDiseaseInteraction_Dengue.txt,Aspirin+metoclopramide 900mg/10mg/sachet powder (product),,
98,SNOMED-CT,400819008,.\PHVS_DrugDiseaseInteraction_Dengue.txt,Aspirin+papaveretum (product),,
99,SNOMED-CT,322321008,.\PHVS_DrugDiseaseInteraction_Dengue.txt,Aspirin+papaveretum 500mg/7.71mg dispersible tablet (product),,
100,SNOMED-CT,409311005,.\PHVS_DrugDiseaseInteraction_Dengue.txt,Aspirin+pravastatin (product),,
101,SNOMED-CT,420306005,.\PHVS_DrugDiseaseInteraction_Dengue.txt,Balsalazide (product),,
102,SNOMED-CT,317448000,.\PHVS_DrugDiseaseInteraction_Dengue.txt,Balsalazide disodium 750mg capsule (product),,
103,SNOMED-CT,354058001,.\PHVS_DrugDiseaseInteraction_Dengue.txt,Benorylate (product),,
104,SNOMED-CT,329534009,.\PHVS_DrugDiseaseInteraction_Dengue.txt,Benorylate 2g/5mL s/f suspension (product),,
105,SNOMED-CT,329533003,.\PHVS_DrugDiseaseInteraction_Dengue.txt,Benorylate 2g/sachet granules (product),,
106,SNOMED-CT,329532008,.\PHVS_DrugDiseaseInteraction_Dengue.txt,Benorylate 750mg tablet (product),,
107,SNOMED-CT,425197004,.\PHVS_DrugDiseaseInteraction_Dengue.txt,Benzocaine + salicylamide (product),,
108,SNOMED-CT,347331004,.\PHVS_DrugDiseaseInteraction_Dengue.txt,Benzocaine+salicylamide 2%/5% gel (product),,
109,SNOMED-CT,350307000,.\PHVS_DrugDiseaseInteraction_Dengue.txt,Benzydamine (product),,
110,SNOMED-CT,331147002,.\PHVS_DrugDiseaseInteraction_Dengue.txt,Benzydamine hydrochloride 0.15% oral rinse (product),,
111,SNOMED-CT,331148007,.\PHVS_DrugDiseaseInteraction_Dengue.txt,Benzydamine hydrochloride 0.15% spray (product),,
112,SNOMED-CT,330185007,.\PHVS_DrugDiseaseInteraction_Dengue.txt,Benzydamine hydrochloride 3% cream (product),,
113,SNOMED-CT,412566001,.\PHVS_DrugDiseaseInteraction_Dengue.txt,Buffered aspirin (product),,
114,SNOMED-CT,412567005,.\PHVS_DrugDiseaseInteraction_Dengue.txt,Buffered aspirin + caffeine (product),,
115,SNOMED-CT,424611009,.\PHVS_DrugDiseaseInteraction_Dengue.txt,Carprofen (product),,
116,SNOMED-CT,330170001,.\PHVS_DrugDiseaseInteraction_Dengue.txt,Celecoxib 100mg capsule (product),,
117,SNOMED-CT,330169002,.\PHVS_DrugDiseaseInteraction_Dengue.txt,Celecoxib 200mg capsule (product),,
118,SNOMED-CT,425685004,.\PHVS_DrugDiseaseInteraction_Dengue.txt,Celecoxib 400mg capsule (product),,
119,SNOMED-CT,425451006,.\PHVS_DrugDiseaseInteraction_Dengue.txt,Celecoxib 50mg capsule (product),,
120,SNOMED-CT,370187009,.\PHVS_DrugDiseaseInteraction_Dengue.txt,Celecoxib product (product),,
121,SNOMED-CT,413827009,.\PHVS_DrugDiseaseInteraction_Dengue.txt,Chlorpheniramine + ibuprofen + pseudoephedrine (product),,
122,SNOMED-CT,413828004,.\PHVS_DrugDiseaseInteraction_Dengue.txt,Chlorpheniramine 2mg/ibuprofen 200mg/pseudoephedrine 30mg caplet (product),,
123,SNOMED-CT,374677002,.\PHVS_DrugDiseaseInteraction_Dengue.txt,Choline magnesium trisalicyl 1000mg tablet (product),,
124,SNOMED-CT,374675005,.\PHVS_DrugDiseaseInteraction_Dengue.txt,Choline magnesium trisalicyl 500mg tablet (product),,
125,SNOMED-CT,375294002,.\PHVS_DrugDiseaseInteraction_Dengue.txt,Choline magnesium trisalicyl 500mg/5mL liquid (product),,
126,SNOMED-CT,374676006,.\PHVS_DrugDiseaseInteraction_Dengue.txt,Choline magnesium trisalicyl 750mg tablet (product),,
127,SNOMED-CT,329535005,.\PHVS_DrugDiseaseInteraction_Dengue.txt,Choline magnesium trisalicylate (product),,
128,SNOMED-CT,331177008,.\PHVS_DrugDiseaseInteraction_Dengue.txt,Choline salicylate 8.7% oral gel (product),,
129,SNOMED-CT,422439004,.\PHVS_DrugDiseaseInteraction_Dengue.txt,Codeine + ibuprofen (product),,
130,SNOMED-CT,123954005,.\PHVS_DrugDiseaseInteraction_Dengue.txt,Cox-2 inhibitor (product),,
131,SNOMED-CT,423684002,.\PHVS_DrugDiseaseInteraction_Dengue.txt,Deracoxib (product),,
132,SNOMED-CT,418027007,.\PHVS_DrugDiseaseInteraction_Dengue.txt,Dexibuprofen (product),,
133,SNOMED-CT,418352003,.\PHVS_DrugDiseaseInteraction_Dengue.txt,Dexibuprofen 300mg tablet (product),,
134,SNOMED-CT,418855005,.\PHVS_DrugDiseaseInteraction_Dengue.txt,Dexibuprofen 400mg tablet (product),,
135,SNOMED-CT,329961001,.\PHVS_DrugDiseaseInteraction_Dengue.txt,Dexketoprofen (product),,
136,SNOMED-CT,329963003,.\PHVS_DrugDiseaseInteraction_Dengue.txt,Dexketoprofen 25mg tablet (product),,
137,SNOMED-CT,425425009,.\PHVS_DrugDiseaseInteraction_Dengue.txt,Diclofenac epolamine 1.3% transdermal patch (product),,
138,SNOMED-CT,419433003,.\PHVS_DrugDiseaseInteraction_Dengue.txt,Diclofenac potassium (product),,
139,SNOMED-CT,329967002,.\PHVS_DrugDiseaseInteraction_Dengue.txt,Diclofenac potassium 25mg tablet (product),,
140,SNOMED-CT,442832008,.\PHVS_DrugDiseaseInteraction_Dengue.txt,Diclofenac potassium 50mg powder for oral solution (product),,
141,SNOMED-CT,329968007,.\PHVS_DrugDiseaseInteraction_Dengue.txt,Diclofenac potassium 50mg tablet (product),,
142,SNOMED-CT,363598004,.\PHVS_DrugDiseaseInteraction_Dengue.txt,Diclofenac product (product),,
143,SNOMED-CT,419143009,.\PHVS_DrugDiseaseInteraction_Dengue.txt,Diclofenac sodium (product),,
144,SNOMED-CT,408032001,.\PHVS_DrugDiseaseInteraction_Dengue.txt,Diclofenac sodium 0.1% multidose eye drops (product),,
145,SNOMED-CT,375900006,.\PHVS_DrugDiseaseInteraction_Dengue.txt,Diclofenac sodium 0.1% ophthalmic solution (product),,
146,SNOMED-CT,330526000,.\PHVS_DrugDiseaseInteraction_Dengue.txt,Diclofenac sodium 0.1% single-use eye drops (product),,
147,SNOMED-CT,330206003,.\PHVS_DrugDiseaseInteraction_Dengue.txt,Diclofenac sodium 1% gel (product),,
148,SNOMED-CT,134747008,.\PHVS_DrugDiseaseInteraction_Dengue.txt,Diclofenac sodium 1.5% topical solution (product),,
149,SNOMED-CT,329600004,.\PHVS_DrugDiseaseInteraction_Dengue.txt,Diclofenac sodium 100mg m/r capsule (product),,
150,SNOMED-CT,329585001,.\PHVS_DrugDiseaseInteraction_Dengue.txt,Diclofenac sodium 100mg m/r tablet (product),,
151,SNOMED-CT,329583008,.\PHVS_DrugDiseaseInteraction_Dengue.txt,Diclofenac sodium 100mg suppository (product),,
152,SNOMED-CT,329584002,.\PHVS_DrugDiseaseInteraction_Dengue.txt,Diclofenac sodium 12.5mg pediatric suppository (product),,
153,SNOMED-CT,329586000,.\PHVS_DrugDiseaseInteraction_Dengue.txt,Diclofenac sodium 25mg m/r tablet (product),,
154,SNOMED-CT,329562002,.\PHVS_DrugDiseaseInteraction_Dengue.txt,Diclofenac sodium 25mg suppository (product),,
155,SNOMED-CT,329556007,.\PHVS_DrugDiseaseInteraction_Dengue.txt,Diclofenac sodium 25mg/mL injection solution 3mL ampule (product),,
156,SNOMED-CT,134795004,.\PHVS_DrugDiseaseInteraction_Dengue.txt,Diclofenac sodium 3% gel (product),,
157,SNOMED-CT,329591004,.\PHVS_DrugDiseaseInteraction_Dengue.txt,Diclofenac sodium 50mg dispersible tablet (product),,
158,SNOMED-CT,329587009,.\PHVS_DrugDiseaseInteraction_Dengue.txt,Diclofenac sodium 50mg e/c tablet (product),,
159,SNOMED-CT,387761005,.\PHVS_DrugDiseaseInteraction_Dengue.txt,Diclofenac sodium 50mg m/r tablet (product),,
160,SNOMED-CT,329563007,.\PHVS_DrugDiseaseInteraction_Dengue.txt,Diclofenac sodium 50mg suppository (product),,
161,SNOMED-CT,374627000,.\PHVS_DrugDiseaseInteraction_Dengue.txt,Diclofenac sodium 50mg tablet (product),,
162,SNOMED-CT,329574003,.\PHVS_DrugDiseaseInteraction_Dengue.txt,Diclofenac sodium 75mg e/c+m/r capsule (product),,
163,SNOMED-CT,329559000,.\PHVS_DrugDiseaseInteraction_Dengue.txt,Diclofenac sodium 75mg m/r capsule (product),,
164,SNOMED-CT,329607001,.\PHVS_DrugDiseaseInteraction_Dengue.txt,Diclofenac sodium 75mg m/r tablet (product),,
165,SNOMED-CT,346398002,.\PHVS_DrugDiseaseInteraction_Dengue.txt,Diclofenac sodium+misoprostol (product),,
166,SNOMED-CT,329598005,.\PHVS_DrugDiseaseInteraction_Dengue.txt,Diclofenac sodium+misoprostol 50mg/200micrograms tablet (product),,
167,SNOMED-CT,329602007,.\PHVS_DrugDiseaseInteraction_Dengue.txt,Diclofenac sodium+misoprostol 75mg/200micrograms tablet (product),,
168,SNOMED-CT,20865003,.\PHVS_DrugDiseaseInteraction_Dengue.txt,Diflunisal (product),,
169,SNOMED-CT,329612000,.\PHVS_DrugDiseaseInteraction_Dengue.txt,Diflunisal 250mg tablet (product),,
170,SNOMED-CT,329613005,.\PHVS_DrugDiseaseInteraction_Dengue.txt,Diflunisal 500mg tablet (product),,
171,SNOMED-CT,420943003,.\PHVS_DrugDiseaseInteraction_Dengue.txt,Diphenhydramine + ibuprofen (product),,
172,SNOMED-CT,420700002,.\PHVS_DrugDiseaseInteraction_Dengue.txt,Diphenhydramine 25mg/ibuprofen 200mg capsule (product),,
173,SNOMED-CT,441834006,.\PHVS_DrugDiseaseInteraction_Dengue.txt,Diphenhydramine 38mg + ibuprofen 200mg capsule (product),,
174,SNOMED-CT,319796006,.\PHVS_DrugDiseaseInteraction_Dengue.txt,Dipyridamole+aspirin (product),,
175,SNOMED-CT,319797002,.\PHVS_DrugDiseaseInteraction_Dengue.txt,Dipyridamole+aspirin 200mg/25mg m/r capsule (product),,
176,SNOMED-CT,446539008,.\PHVS_DrugDiseaseInteraction_Dengue.txt,Esomeprazole magnesium + naproxen (product),,
177,SNOMED-CT,446484008,.\PHVS_DrugDiseaseInteraction_Dengue.txt,Esomeprazole magnesium 20mg + naproxen 375mg delayed release tablet (product),,
178,SNOMED-CT,446704005,.\PHVS_DrugDiseaseInteraction_Dengue.txt,Esomeprazole magnesium 20mg + naproxen 500mg delayed release tablet (product),,
179,SNOMED-CT,108510003,.\PHVS_DrugDiseaseInteraction_Dengue.txt,Etodolac (product),,
180,SNOMED-CT,329616002,.\PHVS_DrugDiseaseInteraction_Dengue.txt,Etodolac 200mg capsule (product),,
181,SNOMED-CT,329620003,.\PHVS_DrugDiseaseInteraction_Dengue.txt,Etodolac 300mg capsule (product),,
182,SNOMED-CT,370189007,.\PHVS_DrugDiseaseInteraction_Dengue.txt,Etodolac 400mg m/r tablet (product),,
183,SNOMED-CT,374937008,.\PHVS_DrugDiseaseInteraction_Dengue.txt,Etodolac 400mg tablet (product),,
184,SNOMED-CT,370188004,.\PHVS_DrugDiseaseInteraction_Dengue.txt,Etodolac 500mg m/r tablet (product),,
185,SNOMED-CT,374938003,.\PHVS_DrugDiseaseInteraction_Dengue.txt,Etodolac 500mg tablet (product),,
186,SNOMED-CT,329622006,.\PHVS_DrugDiseaseInteraction_Dengue.txt,Etodolac 600mg m/r tablet (product),,
187,SNOMED-CT,395292007,.\PHVS_DrugDiseaseInteraction_Dengue.txt,Etoricoxib (product),,
188,SNOMED-CT,407909000,.\PHVS_DrugDiseaseInteraction_Dengue.txt,Etoricoxib 120mg tablet (product),,
189,SNOMED-CT,407907003,.\PHVS_DrugDiseaseInteraction_Dengue.txt,Etoricoxib 60mg tablet (product),,
190,SNOMED-CT,407908008,.\PHVS_DrugDiseaseInteraction_Dengue.txt,Etoricoxib 90mg tablet (product),,
191,SNOMED-CT,350320002,.\PHVS_DrugDiseaseInteraction_Dengue.txt,Felbinac (product),,
192,SNOMED-CT,330229006,.\PHVS_DrugDiseaseInteraction_Dengue.txt,Felbinac 3% gel (product),,
193,SNOMED-CT,330201008,.\PHVS_DrugDiseaseInteraction_Dengue.txt,Felbinac 3.17% foam (product),,
194,SNOMED-CT,329623001,.\PHVS_DrugDiseaseInteraction_Dengue.txt,Fenbufen (product),,
195,SNOMED-CT,370190003,.\PHVS_DrugDiseaseInteraction_Dengue.txt,Fenbufen 200mg capsule (product),,
196,SNOMED-CT,329630007,.\PHVS_DrugDiseaseInteraction_Dengue.txt,Fenbufen 300mg capsule (product),,
197,SNOMED-CT,329631006,.\PHVS_DrugDiseaseInteraction_Dengue.txt,Fenbufen 300mg tablet (product),,
198,SNOMED-CT,329636001,.\PHVS_DrugDiseaseInteraction_Dengue.txt,Fenbufen 450mg tablet (product),,
199,SNOMED-CT,370191004,.\PHVS_DrugDiseaseInteraction_Dengue.txt,Fenbufen 600mg tablet (product),,
200,SNOMED-CT,71798005,.\PHVS_DrugDiseaseInteraction_Dengue.txt,Fenoprofen (product),,
201,SNOMED-CT,329641009,.\PHVS_DrugDiseaseInteraction_Dengue.txt,Fenoprofen 300mg tablet (product),,
202,SNOMED-CT,329642002,.\PHVS_DrugDiseaseInteraction_Dengue.txt,Fenoprofen 600mg tablet (product),,
203,SNOMED-CT,374578000,.\PHVS_DrugDiseaseInteraction_Dengue.txt,Fenoprofen calcium 200mg capsule (product),,
204,SNOMED-CT,388959005,.\PHVS_DrugDiseaseInteraction_Dengue.txt,Fenoprofen calcium 300mg capsule (product),,
205,SNOMED-CT,424766004,.\PHVS_DrugDiseaseInteraction_Dengue.txt,Firocoxib (product),,
206,SNOMED-CT,54344006,.\PHVS_DrugDiseaseInteraction_Dengue.txt,Flurbiprofen (product),,
207,SNOMED-CT,329650006,.\PHVS_DrugDiseaseInteraction_Dengue.txt,Flurbiprofen 100mg suppository (product),,
208,SNOMED-CT,329649006,.\PHVS_DrugDiseaseInteraction_Dengue.txt,Flurbiprofen 100mg tablet (product),,
209,SNOMED-CT,329647008,.\PHVS_DrugDiseaseInteraction_Dengue.txt,Flurbiprofen 200mg m/r capsule (product),,
210,SNOMED-CT,329648003,.\PHVS_DrugDiseaseInteraction_Dengue.txt,Flurbiprofen 50mg tablet (product),,
211,SNOMED-CT,331348004,.\PHVS_DrugDiseaseInteraction_Dengue.txt,Flurbiprofen 8.75mg lozenge (product),,
212,SNOMED-CT,353194007,.\PHVS_DrugDiseaseInteraction_Dengue.txt,Flurbiprofen sodium 0.03% single-use eye drops (product),,
213,SNOMED-CT,400396007,.\PHVS_DrugDiseaseInteraction_Dengue.txt,Hydrocodone bitartrate + ibuprofen (product),,
214,SNOMED-CT,377489000,.\PHVS_DrugDiseaseInteraction_Dengue.txt,Hydrocodone bitartrate + ibuprofen 7.5mg/200mg tablet (product),,
215,SNOMED-CT,429392006,.\PHVS_DrugDiseaseInteraction_Dengue.txt,Hydrocodone bitartrate 10mg/ibuprofen 200mg tablet (product),,
216,SNOMED-CT,429393001,.\PHVS_DrugDiseaseInteraction_Dengue.txt,Hydrocodone bitartrate 2.5mg/ibuprofen 200mg tablet (product),,
217,SNOMED-CT,428210006,.\PHVS_DrugDiseaseInteraction_Dengue.txt,Hydrocodone bitartrate 5mg/ibuprofen 200mg tablet (product),,
218,SNOMED-CT,38268001,.\PHVS_DrugDiseaseInteraction_Dengue.txt,Ibuprofen (product),,
219,SNOMED-CT,414443003,.\PHVS_DrugDiseaseInteraction_Dengue.txt,Ibuprofen + oxycodone (product),,
220,SNOMED-CT,423978002,.\PHVS_DrugDiseaseInteraction_Dengue.txt,Ibuprofen + pseudoephedrine (product),,
221,SNOMED-CT,330274004,.\PHVS_DrugDiseaseInteraction_Dengue.txt,Ibuprofen 10% gel (product),,
222,SNOMED-CT,370194007,.\PHVS_DrugDiseaseInteraction_Dengue.txt,Ibuprofen 100mg chewable tablet (product),,
223,SNOMED-CT,370192006,.\PHVS_DrugDiseaseInteraction_Dengue.txt,Ibuprofen 100mg tablet (product),,
224,SNOMED-CT,370196009,.\PHVS_DrugDiseaseInteraction_Dengue.txt,Ibuprofen 100mg/2.5mL oral suspension (product),,
225,SNOMED-CT,329710002,.\PHVS_DrugDiseaseInteraction_Dengue.txt,Ibuprofen 100mg/5mL oral suspension (product),,
226,SNOMED-CT,329686007,.\PHVS_DrugDiseaseInteraction_Dengue.txt,Ibuprofen 100mg/5mL s/f oral suspension (product),,
227,SNOMED-CT,407925005,.\PHVS_DrugDiseaseInteraction_Dengue.txt,Ibuprofen 100mg/5mL sachets s/f oral suspension (product),,
228,SNOMED-CT,442990002,.\PHVS_DrugDiseaseInteraction_Dengue.txt,Ibuprofen 100mg/mL injection solution 4mL vial (product),,
229,SNOMED-CT,442899002,.\PHVS_DrugDiseaseInteraction_Dengue.txt,Ibuprofen 100mg/mL injection solution 8mL vial (product),,
230,SNOMED-CT,421213002,.\PHVS_DrugDiseaseInteraction_Dengue.txt,Ibuprofen 10mg/mL injection solution 2mL vial (product),,
231,SNOMED-CT,370195008,.\PHVS_DrugDiseaseInteraction_Dengue.txt,Ibuprofen 200mg capsule (product),,
232,SNOMED-CT,329711003,.\PHVS_DrugDiseaseInteraction_Dengue.txt,Ibuprofen 200mg m/r capsule (product),,
233,SNOMED-CT,329652003,.\PHVS_DrugDiseaseInteraction_Dengue.txt,Ibuprofen 200mg tablet (product),,
234,SNOMED-CT,420858007,.\PHVS_DrugDiseaseInteraction_Dengue.txt,Ibuprofen 200mg/pseudoephedrine 30mg capsule (product),,
235,SNOMED-CT,408075007,.\PHVS_DrugDiseaseInteraction_Dengue.txt,Ibuprofen 300mg / pseudoephedrine 45mg capsule (product),,
236,SNOMED-CT,329712005,.\PHVS_DrugDiseaseInteraction_Dengue.txt,Ibuprofen 300mg m/r capsule (product),,
237,SNOMED-CT,329653008,.\PHVS_DrugDiseaseInteraction_Dengue.txt,Ibuprofen 400mg tablet (product),,
238,SNOMED-CT,414444009,.\PHVS_DrugDiseaseInteraction_Dengue.txt,Ibuprofen 400mg/oxycodone 5mg tablet (product),,
239,SNOMED-CT,370197000,.\PHVS_DrugDiseaseInteraction_Dengue.txt,Ibuprofen 40mg/mL oral drops (product),,
240,SNOMED-CT,400729005,.\PHVS_DrugDiseaseInteraction_Dengue.txt,Ibuprofen 5% / Levomenthol 3% gel (product),,
241,SNOMED-CT,330232009,.\PHVS_DrugDiseaseInteraction_Dengue.txt,Ibuprofen 5% cream (product),,
242,SNOMED-CT,330264002,.\PHVS_DrugDiseaseInteraction_Dengue.txt,Ibuprofen 5% foam (product),,
243,SNOMED-CT,330202001,.\PHVS_DrugDiseaseInteraction_Dengue.txt,Ibuprofen 5% gel (product),,
244,SNOMED-CT,330239000,.\PHVS_DrugDiseaseInteraction_Dengue.txt,Ibuprofen 5% spray (product),,
245,SNOMED-CT,370193001,.\PHVS_DrugDiseaseInteraction_Dengue.txt,Ibuprofen 50mg chewable tablet (product),,
246,SNOMED-CT,438856002,.\PHVS_DrugDiseaseInteraction_Dengue.txt,Ibuprofen 50mg/1.25mL oral suspension (product),,
247,SNOMED-CT,329654002,.\PHVS_DrugDiseaseInteraction_Dengue.txt,Ibuprofen 600mg tablet (product),,
248,SNOMED-CT,329677002,.\PHVS_DrugDiseaseInteraction_Dengue.txt,Ibuprofen 600mg/sachet effervescent granules (product),,
249,SNOMED-CT,329662005,.\PHVS_DrugDiseaseInteraction_Dengue.txt,Ibuprofen 800mg m/r tablet (product),,
250,SNOMED-CT,329708004,.\PHVS_DrugDiseaseInteraction_Dengue.txt,Ibuprofen 800mg tablet (product),,
251,SNOMED-CT,329675005,.\PHVS_DrugDiseaseInteraction_Dengue.txt,Ibuprofen+codeine phosphate 200mg/12.5mg tablet (product),,
252,SNOMED-CT,329683004,.\PHVS_DrugDiseaseInteraction_Dengue.txt,Ibuprofen+codeine phosphate 200mg/12.8mg tablet (product),,
253,SNOMED-CT,329713000,.\PHVS_DrugDiseaseInteraction_Dengue.txt,Ibuprofen+codeine phosphate 300mg/20mg m/r tablet (product),,
254,SNOMED-CT,423524007,.\PHVS_DrugDiseaseInteraction_Dengue.txt,Ibuprofen+levomenthol (product),,
255,SNOMED-CT,400268004,.\PHVS_DrugDiseaseInteraction_Dengue.txt,Ibuprofen+menthol (product),,
256,SNOMED-CT,409119003,.\PHVS_DrugDiseaseInteraction_Dengue.txt,Ibuprofen+pseudoephedrine 100mg/15mg oral 5mL suspension (product),,
257,SNOMED-CT,407904005,.\PHVS_DrugDiseaseInteraction_Dengue.txt,Ibuprofen+pseudoephedrine 200mg/30mg tablet (product),,
258,SNOMED-CT,60149003,.\PHVS_DrugDiseaseInteraction_Dengue.txt,Indomethacin (product),,
259,SNOMED-CT,329716008,.\PHVS_DrugDiseaseInteraction_Dengue.txt,Indomethacin 100mg suppository (product),,
260,SNOMED-CT,329754008,.\PHVS_DrugDiseaseInteraction_Dengue.txt,Indomethacin 1mg injection (pdr for recon) (product),,
261,SNOMED-CT,329714006,.\PHVS_DrugDiseaseInteraction_Dengue.txt,Indomethacin 25mg capsule (product),,
262,SNOMED-CT,329757001,.\PHVS_DrugDiseaseInteraction_Dengue.txt,Indomethacin 25mg m/r capsule (product),,
263,SNOMED-CT,329727005,.\PHVS_DrugDiseaseInteraction_Dengue.txt,Indomethacin 25mg m/r tablet (product),,
264,SNOMED-CT,376878007,.\PHVS_DrugDiseaseInteraction_Dengue.txt,Indomethacin 25mg/5mL suspension (product),,
265,SNOMED-CT,329715007,.\PHVS_DrugDiseaseInteraction_Dengue.txt,Indomethacin 50mg capsule (product),,
266,SNOMED-CT,329726001,.\PHVS_DrugDiseaseInteraction_Dengue.txt,Indomethacin 50mg m/r tablet (product),,
267,SNOMED-CT,370198005,.\PHVS_DrugDiseaseInteraction_Dengue.txt,Indomethacin 50mg suppository (product),,
268,SNOMED-CT,375433008,.\PHVS_DrugDiseaseInteraction_Dengue.txt,Indomethacin 75mg capsule (product),,
269,SNOMED-CT,329756005,.\PHVS_DrugDiseaseInteraction_Dengue.txt,Indomethacin 75mg m/r capsule (product),,
270,SNOMED-CT,329723009,.\PHVS_DrugDiseaseInteraction_Dengue.txt,Indomethacin 75mg m/r tablet (product),,
271,SNOMED-CT,319357003,.\PHVS_DrugDiseaseInteraction_Dengue.txt,Isosorbide mononitrate+aspirin (product),,
272,SNOMED-CT,319360005,.\PHVS_DrugDiseaseInteraction_Dengue.txt,Isosorbide mononitrate+aspirin 60mg/150mg m/r tablet (product),,
273,SNOMED-CT,319361009,.\PHVS_DrugDiseaseInteraction_Dengue.txt,Isosorbide mononitrate+aspirin 60mg/75mg m/r tablet (product),,
274,SNOMED-CT,10099000,.\PHVS_DrugDiseaseInteraction_Dengue.txt,Ketoprofen (product),,
275,SNOMED-CT,329787007,.\PHVS_DrugDiseaseInteraction_Dengue.txt,Ketoprofen 100mg m/r capsule (product),,
276,SNOMED-CT,329760008,.\PHVS_DrugDiseaseInteraction_Dengue.txt,Ketoprofen 100mg suppository (product),,
277,SNOMED-CT,370199002,.\PHVS_DrugDiseaseInteraction_Dengue.txt,Ketoprofen 12.5mg tablet (product),,
278,SNOMED-CT,329785004,.\PHVS_DrugDiseaseInteraction_Dengue.txt,Ketoprofen 150mg m/r capsule (product),,
279,SNOMED-CT,330203006,.\PHVS_DrugDiseaseInteraction_Dengue.txt,Ketoprofen 2.5% gel (product),,
280,SNOMED-CT,329788002,.\PHVS_DrugDiseaseInteraction_Dengue.txt,Ketoprofen 200mg m/r capsule (product),,
281,SNOMED-CT,373974003,.\PHVS_DrugDiseaseInteraction_Dengue.txt,Ketoprofen 25mg capsule (product),,
282,SNOMED-CT,329758006,.\PHVS_DrugDiseaseInteraction_Dengue.txt,Ketoprofen 50mg capsule (product),,
283,SNOMED-CT,329786003,.\PHVS_DrugDiseaseInteraction_Dengue.txt,Ketoprofen 50mg/mL injection solution 2mL ampule (product),,
284,SNOMED-CT,373975002,.\PHVS_DrugDiseaseInteraction_Dengue.txt,Ketoprofen 75mg capsule (product),,
285,SNOMED-CT,108512006,.\PHVS_DrugDiseaseInteraction_Dengue.txt,Ketorolac (product),,
286,SNOMED-CT,330536008,.\PHVS_DrugDiseaseInteraction_Dengue.txt,Ketorolac trometamol 0.5% ophthalmic solution (product),,
287,SNOMED-CT,417711007,.\PHVS_DrugDiseaseInteraction_Dengue.txt,Ketorolac trometamol 0.5% preservative free ophthalmic solution (product),,
288,SNOMED-CT,333983000,.\PHVS_DrugDiseaseInteraction_Dengue.txt,Ketorolac trometamol 10mg/mL injection solution 1mL ampule (product),,
289,SNOMED-CT,446533009,.\PHVS_DrugDiseaseInteraction_Dengue.txt,Ketorolac trometamol 15.75mg nasal spray (product),,
290,SNOMED-CT,370200004,.\PHVS_DrugDiseaseInteraction_Dengue.txt,Ketorolac trometamol 15mg/mL injection solution 1mL ampule (product),,
291,SNOMED-CT,333979000,.\PHVS_DrugDiseaseInteraction_Dengue.txt,Ketorolac trometamol 30mg/1mL injection (product),,
292,SNOMED-CT,409155006,.\PHVS_DrugDiseaseInteraction_Dengue.txt,Ketorolac tromethamine 0.4% ophthalmic solution (product),,
293,SNOMED-CT,443106009,.\PHVS_DrugDiseaseInteraction_Dengue.txt,Ketorolac tromethamine 0.45% ophthalmic solution (product),,
294,SNOMED-CT,333981003,.\PHVS_DrugDiseaseInteraction_Dengue.txt,Ketorolac tromethamine 10mg tablet (product),,
295,SNOMED-CT,376046003,.\PHVS_DrugDiseaseInteraction_Dengue.txt,Ketorolac tromethamine 15mg/mL injection solution ampule (product),,
296,SNOMED-CT,400278001,.\PHVS_DrugDiseaseInteraction_Dengue.txt,Ketorolac tromethamine 30mg/mL injection solution 10mL vial (product),,
297,SNOMED-CT,400709009,.\PHVS_DrugDiseaseInteraction_Dengue.txt,Ketorolac tromethamine 30mg/mL injection solution 20mL vial (product),,
298,SNOMED-CT,400731001,.\PHVS_DrugDiseaseInteraction_Dengue.txt,Ketorolac tromethamine 30mg/mL injection solution 2mL vial (product),,
299,SNOMED-CT,400249002,.\PHVS_DrugDiseaseInteraction_Dengue.txt,Ketorolac tromethamine 30mg/mL injection solution 50mL vial (product),,
300,SNOMED-CT,409145007,.\PHVS_DrugDiseaseInteraction_Dengue.txt,Lansoprazole + naproxen (product),,
301,SNOMED-CT,423338004,.\PHVS_DrugDiseaseInteraction_Dengue.txt,Lansoprazole 15mg m/r capsule/naproxen 250mg tablet (product),,
302,SNOMED-CT,409146008,.\PHVS_DrugDiseaseInteraction_Dengue.txt,Lansoprazole 15mg m/r capsule/naproxen 375mg tablet (product),,
303,SNOMED-CT,409147004,.\PHVS_DrugDiseaseInteraction_Dengue.txt,Lansoprazole 15mg m/r capsule/naproxen 500mg tablet (product),,
304,SNOMED-CT,391655005,.\PHVS_DrugDiseaseInteraction_Dengue.txt,Lornoxicam (product),,
305,SNOMED-CT,408601001,.\PHVS_DrugDiseaseInteraction_Dengue.txt,Lornoxicam 4mg tablet (product),,
306,SNOMED-CT,408603003,.\PHVS_DrugDiseaseInteraction_Dengue.txt,Lornoxicam 8.6mg injection powder for reconstitution (product),,
307,SNOMED-CT,408602008,.\PHVS_DrugDiseaseInteraction_Dengue.txt,Lornoxicam 8mg tablet (product),,
308,SNOMED-CT,422506000,.\PHVS_DrugDiseaseInteraction_Dengue.txt,Lumiracoxib (product),,
309,SNOMED-CT,370181005,.\PHVS_DrugDiseaseInteraction_Dengue.txt,Magnesium salicylate 467mg caplet (product),,
310,SNOMED-CT,370182003,.\PHVS_DrugDiseaseInteraction_Dengue.txt,Magnesium salicylate 500mg caplet (product),,
311,SNOMED-CT,370183008,.\PHVS_DrugDiseaseInteraction_Dengue.txt,Magnesium salicylate 545mg tablet (product),,
312,SNOMED-CT,389060007,.\PHVS_DrugDiseaseInteraction_Dengue.txt,Magnesium salicylate 580mg caplet (product),,
313,SNOMED-CT,377062003,.\PHVS_DrugDiseaseInteraction_Dengue.txt,Magnesium salicylate 600mg tablet (product),,
314,SNOMED-CT,370180006,.\PHVS_DrugDiseaseInteraction_Dengue.txt,Magnesium salicylate product (product),,
315,SNOMED-CT,363612009,.\PHVS_DrugDiseaseInteraction_Dengue.txt,Meclofenamate sodium 100mg capsule (product),,
316,SNOMED-CT,363611002,.\PHVS_DrugDiseaseInteraction_Dengue.txt,Meclofenamate sodium 50mg capsule (product),,
317,SNOMED-CT,363610001,.\PHVS_DrugDiseaseInteraction_Dengue.txt,Meclofenamate sodium product (product),,
318,SNOMED-CT,34364009,.\PHVS_DrugDiseaseInteraction_Dengue.txt,Mefenamic acid (product),,
319,SNOMED-CT,329790001,.\PHVS_DrugDiseaseInteraction_Dengue.txt,Mefenamic acid 250mg capsule (product),,
320,SNOMED-CT,329803004,.\PHVS_DrugDiseaseInteraction_Dengue.txt,Mefenamic acid 500mg tablet (product),,
321,SNOMED-CT,329804005,.\PHVS_DrugDiseaseInteraction_Dengue.txt,Mefenamic acid 50mg/5mL pediatric suspension (product),,
322,SNOMED-CT,125694008,.\PHVS_DrugDiseaseInteraction_Dengue.txt,Meloxicam (product),,
323,SNOMED-CT,329926007,.\PHVS_DrugDiseaseInteraction_Dengue.txt,Meloxicam 15mg suppository (product),,
324,SNOMED-CT,329928008,.\PHVS_DrugDiseaseInteraction_Dengue.txt,Meloxicam 15mg tablet (product),,
325,SNOMED-CT,329933007,.\PHVS_DrugDiseaseInteraction_Dengue.txt,Meloxicam 7.5mg suppository (product),,
326,SNOMED-CT,329927003,.\PHVS_DrugDiseaseInteraction_Dengue.txt,Meloxicam 7.5mg tablet (product),,
327,SNOMED-CT,412651007,.\PHVS_DrugDiseaseInteraction_Dengue.txt,Meloxicam 7.5mg/5mL oral suspension (product),,
328,SNOMED-CT,86977007,.\PHVS_DrugDiseaseInteraction_Dengue.txt,Mesalamine (product),,
329,SNOMED-CT,387764002,.\PHVS_DrugDiseaseInteraction_Dengue.txt,Mesalamine 250mg m/r capsule (product),,
330,SNOMED-CT,442014009,.\PHVS_DrugDiseaseInteraction_Dengue.txt,Mesalamine 375mg m/r capsule (product),,
331,SNOMED-CT,372088005,.\PHVS_DrugDiseaseInteraction_Dengue.txt,Mesalamine 400mg m/r tablet (product),,
332,SNOMED-CT,370184002,.\PHVS_DrugDiseaseInteraction_Dengue.txt,Mesalamine 4g/60mL rectal suspension (product),,
333,SNOMED-CT,426061004,.\PHVS_DrugDiseaseInteraction_Dengue.txt,Mesalazine 1.2g delayed release tablet (product),,
334,SNOMED-CT,317408008,.\PHVS_DrugDiseaseInteraction_Dengue.txt,Mesalazine 1g suppository (product),,
335,SNOMED-CT,317396001,.\PHVS_DrugDiseaseInteraction_Dengue.txt,Mesalazine 1g/100mL retention enema (product),,
336,SNOMED-CT,317410005,.\PHVS_DrugDiseaseInteraction_Dengue.txt,Mesalazine 1g/dose rectal foam (product),,
337,SNOMED-CT,317416004,.\PHVS_DrugDiseaseInteraction_Dengue.txt,Mesalazine 1g/sachet m/r granules (product),,
338,SNOMED-CT,317404005,.\PHVS_DrugDiseaseInteraction_Dengue.txt,Mesalazine 250mg e/c tablet (product),,
339,SNOMED-CT,317401002,.\PHVS_DrugDiseaseInteraction_Dengue.txt,Mesalazine 250mg suppository (product),,
340,SNOMED-CT,317411009,.\PHVS_DrugDiseaseInteraction_Dengue.txt,Mesalazine 2g/59mL enema (product),,
341,SNOMED-CT,317417008,.\PHVS_DrugDiseaseInteraction_Dengue.txt,Mesalazine 400mg e/c tablet (product),,
342,SNOMED-CT,317406007,.\PHVS_DrugDiseaseInteraction_Dengue.txt,Mesalazine 500mg m/r tablet (product),,
343,SNOMED-CT,317402009,.\PHVS_DrugDiseaseInteraction_Dengue.txt,Mesalazine 500mg suppository (product),,
344,SNOMED-CT,410963009,.\PHVS_DrugDiseaseInteraction_Dengue.txt,Mesalazine 500mg/sachet m/r granules (product),,
345,SNOMED-CT,437759001,.\PHVS_DrugDiseaseInteraction_Dengue.txt,Mesalazine 800mg delayed release tablet (product),,
346,SNOMED-CT,451019009,.\PHVS_DrugDiseaseInteraction_Dengue.txt,Metamizole sodium (product),,
347,SNOMED-CT,108508000,.\PHVS_DrugDiseaseInteraction_Dengue.txt,Nabumetone (product),,
348,SNOMED-CT,400480005,.\PHVS_DrugDiseaseInteraction_Dengue.txt,Nabumetone 500mg dispersible tablet (product),,
349,SNOMED-CT,329910006,.\PHVS_DrugDiseaseInteraction_Dengue.txt,Nabumetone 500mg tablet (product),,
350,SNOMED-CT,329912003,.\PHVS_DrugDiseaseInteraction_Dengue.txt,Nabumetone 500mg/5mL suspension (product),,
351,SNOMED-CT,374639008,.\PHVS_DrugDiseaseInteraction_Dengue.txt,Nabumetone 750mg tablet (product),,
352,SNOMED-CT,11847009,.\PHVS_DrugDiseaseInteraction_Dengue.txt,Naproxen (product),,
353,SNOMED-CT,329852000,.\PHVS_DrugDiseaseInteraction_Dengue.txt,Naproxen 125mg/5mL suspension (product),,
354,SNOMED-CT,416821000,.\PHVS_DrugDiseaseInteraction_Dengue.txt,Naproxen 200mg capsule (product),,
355,SNOMED-CT,370201000,.\PHVS_DrugDiseaseInteraction_Dengue.txt,Naproxen 200mg tablet (product),,
356,SNOMED-CT,421400006,.\PHVS_DrugDiseaseInteraction_Dengue.txt,Naproxen 200mg/pseudoephedrine 120mg m/r tablet (product),,
357,SNOMED-CT,329838002,.\PHVS_DrugDiseaseInteraction_Dengue.txt,Naproxen 250mg e/c tablet (product),,
358,SNOMED-CT,329806007,.\PHVS_DrugDiseaseInteraction_Dengue.txt,Naproxen 250mg tablet (product),,
359,SNOMED-CT,329850008,.\PHVS_DrugDiseaseInteraction_Dengue.txt,Naproxen 375mg m/r tablet (product),,
360,SNOMED-CT,376021003,.\PHVS_DrugDiseaseInteraction_Dengue.txt,Naproxen 375mg tablet (product),,
361,SNOMED-CT,329839005,.\PHVS_DrugDiseaseInteraction_Dengue.txt,Naproxen 500mg e/c tablet (product),,
362,SNOMED-CT,329847005,.\PHVS_DrugDiseaseInteraction_Dengue.txt,Naproxen 500mg m/r tablet (product),,
363,SNOMED-CT,329853005,.\PHVS_DrugDiseaseInteraction_Dengue.txt,Naproxen 500mg suppository (product),,
364,SNOMED-CT,329807003,.\PHVS_DrugDiseaseInteraction_Dengue.txt,Naproxen 500mg tablet (product),,
365,SNOMED-CT,416187001,.\PHVS_DrugDiseaseInteraction_Dengue.txt,Naproxen sodium (product),,
366,SNOMED-CT,430180001,.\PHVS_DrugDiseaseInteraction_Dengue.txt,Naproxen sodium + Sumatriptan (product),,
367,SNOMED-CT,416847009,.\PHVS_DrugDiseaseInteraction_Dengue.txt,Naproxen sodium 220mg caplet (product),,
368,SNOMED-CT,420276008,.\PHVS_DrugDiseaseInteraction_Dengue.txt,Naproxen sodium 220mg capsule (product),,
369,SNOMED-CT,409481004,.\PHVS_DrugDiseaseInteraction_Dengue.txt,Naproxen sodium 220mg/pseudoephedrine 120mg m/r tablet (product),,
370,SNOMED-CT,322299000,.\PHVS_DrugDiseaseInteraction_Dengue.txt,Naproxen sodium 275mg tablet (product),,
371,SNOMED-CT,375946006,.\PHVS_DrugDiseaseInteraction_Dengue.txt,Naproxen sodium 375mg m/r tablet (product),,
372,SNOMED-CT,375945005,.\PHVS_DrugDiseaseInteraction_Dengue.txt,Naproxen sodium 500mg m/r tablet (product),,
373,SNOMED-CT,433315007,.\PHVS_DrugDiseaseInteraction_Dengue.txt,Naproxen sodium 500mg/Sumatriptan 85mg tablet (product),,
374,SNOMED-CT,376010007,.\PHVS_DrugDiseaseInteraction_Dengue.txt,Naproxen sodium 550mg tablet (product),,
375,SNOMED-CT,409480003,.\PHVS_DrugDiseaseInteraction_Dengue.txt,Naproxen+pseudoephedrine (product),,
376,SNOMED-CT,350324006,.\PHVS_DrugDiseaseInteraction_Dengue.txt,Nefopam (product),,
377,SNOMED-CT,322304004,.\PHVS_DrugDiseaseInteraction_Dengue.txt,Nefopam hydrochloride 20mg/mL injection solution 1mL ampule (product),,
378,SNOMED-CT,322303005,.\PHVS_DrugDiseaseInteraction_Dengue.txt,Nefopam hydrochloride 30mg tablet (product),,
379,SNOMED-CT,703480002,.\PHVS_DrugDiseaseInteraction_Dengue.txt,Nimesulide (product),,
380,SNOMED-CT,16403005,.\PHVS_DrugDiseaseInteraction_Dengue.txt,Non-steroidal anti-inflammatory agent (product),,
381,SNOMED-CT,416759002,.\PHVS_DrugDiseaseInteraction_Dengue.txt,Non-steroidal anti-inflammatory drugs contraindicated (situation),,
382,SNOMED-CT,108673002,.\PHVS_DrugDiseaseInteraction_Dengue.txt,Olsalazine (product),,
383,SNOMED-CT,317435004,.\PHVS_DrugDiseaseInteraction_Dengue.txt,Olsalazine sodium 250mg capsule (product),,
384,SNOMED-CT,317437007,.\PHVS_DrugDiseaseInteraction_Dengue.txt,Olsalazine sodium 500mg tablet (product),,
385,SNOMED-CT,421513003,.\PHVS_DrugDiseaseInteraction_Dengue.txt,Ophthalmic diclofenac (product),,
386,SNOMED-CT,386684004,.\PHVS_DrugDiseaseInteraction_Dengue.txt,Ophthalmic diclofenac sodium (product),,
387,SNOMED-CT,384674003,.\PHVS_DrugDiseaseInteraction_Dengue.txt,Ophthalmic flurbiprofen (product),,
388,SNOMED-CT,421787008,.\PHVS_DrugDiseaseInteraction_Dengue.txt,Ophthalmic ketorolac (product),,
389,SNOMED-CT,411995002,.\PHVS_DrugDiseaseInteraction_Dengue.txt,Oral form aceclofenac (product),,
390,SNOMED-CT,411996001,.\PHVS_DrugDiseaseInteraction_Dengue.txt,Oral form acemetacin (product),,
391,SNOMED-CT,358427004,.\PHVS_DrugDiseaseInteraction_Dengue.txt,Oral form aspirin (product),,
392,SNOMED-CT,411997005,.\PHVS_DrugDiseaseInteraction_Dengue.txt,Oral form azapropazone (product),,
393,SNOMED-CT,411998000,.\PHVS_DrugDiseaseInteraction_Dengue.txt,Oral form benorylate (product),,
394,SNOMED-CT,411999008,.\PHVS_DrugDiseaseInteraction_Dengue.txt,Oral form celecoxib (product),,
395,SNOMED-CT,431423000,.\PHVS_DrugDiseaseInteraction_Dengue.txt,Oral form choline salicylate (product),,
396,SNOMED-CT,412005007,.\PHVS_DrugDiseaseInteraction_Dengue.txt,Oral form dexketoprofen (product),,
397,SNOMED-CT,350317005,.\PHVS_DrugDiseaseInteraction_Dengue.txt,Oral form diclofenac (product),,
398,SNOMED-CT,430418009,.\PHVS_DrugDiseaseInteraction_Dengue.txt,Oral form diclofenac sodium (product),,
399,SNOMED-CT,412006008,.\PHVS_DrugDiseaseInteraction_Dengue.txt,Oral form etodolac (product),,
400,SNOMED-CT,412000002,.\PHVS_DrugDiseaseInteraction_Dengue.txt,Oral form etoricoxib (product),,
401,SNOMED-CT,412007004,.\PHVS_DrugDiseaseInteraction_Dengue.txt,Oral form fenbufen (product),,
402,SNOMED-CT,412008009,.\PHVS_DrugDiseaseInteraction_Dengue.txt,Oral form fenoprofen (product),,
403,SNOMED-CT,412009001,.\PHVS_DrugDiseaseInteraction_Dengue.txt,Oral form flurbiprofen (product),,
404,SNOMED-CT,350321003,.\PHVS_DrugDiseaseInteraction_Dengue.txt,Oral form ibuprofen (product),,
405,SNOMED-CT,395332006,.\PHVS_DrugDiseaseInteraction_Dengue.txt,Oral form ibuprofen compound product (product),,
406,SNOMED-CT,412011005,.\PHVS_DrugDiseaseInteraction_Dengue.txt,Oral form indomethacin (product),,
407,SNOMED-CT,412012003,.\PHVS_DrugDiseaseInteraction_Dengue.txt,Oral form ketoprofen (product),,
408,SNOMED-CT,356262000,.\PHVS_DrugDiseaseInteraction_Dengue.txt,Oral form ketorolac (product),,
409,SNOMED-CT,412014002,.\PHVS_DrugDiseaseInteraction_Dengue.txt,Oral form lornoxicam (product),,
410,SNOMED-CT,412017009,.\PHVS_DrugDiseaseInteraction_Dengue.txt,Oral form meclofenamate sodium (product),,
411,SNOMED-CT,412018004,.\PHVS_DrugDiseaseInteraction_Dengue.txt,Oral form mefenamic acid (product),,
412,SNOMED-CT,412001003,.\PHVS_DrugDiseaseInteraction_Dengue.txt,Oral form meloxicam (product),,
413,SNOMED-CT,349820009,.\PHVS_DrugDiseaseInteraction_Dengue.txt,Oral form mesalamine (product),,
414,SNOMED-CT,412002005,.\PHVS_DrugDiseaseInteraction_Dengue.txt,Oral form nabumetone (product),,
415,SNOMED-CT,439298001,.\PHVS_DrugDiseaseInteraction_Dengue.txt,Oral form naproxen (product),,
416,SNOMED-CT,412019007,.\PHVS_DrugDiseaseInteraction_Dengue.txt,Oral form oxaprozin (product),,
417,SNOMED-CT,440256005,.\PHVS_DrugDiseaseInteraction_Dengue.txt,Oral form piroxicam (product),,
418,SNOMED-CT,412003000,.\PHVS_DrugDiseaseInteraction_Dengue.txt,Oral form rofecoxib (product),,
419,SNOMED-CT,349822001,.\PHVS_DrugDiseaseInteraction_Dengue.txt,Oral form sulfasalazine (product),,
420,SNOMED-CT,412004006,.\PHVS_DrugDiseaseInteraction_Dengue.txt,Oral form valdecoxib (product),,
421,SNOMED-CT,412458007,.\PHVS_DrugDiseaseInteraction_Dengue.txt,Orphenadrine + aspirin + caffeine (product),,
422,SNOMED-CT,386031002,.\PHVS_DrugDiseaseInteraction_Dengue.txt,Oxaprozin (product),,
423,SNOMED-CT,374242009,.\PHVS_DrugDiseaseInteraction_Dengue.txt,Oxaprozin 600mg caplet (product),,
424,SNOMED-CT,376277007,.\PHVS_DrugDiseaseInteraction_Dengue.txt,Oxaprozin 600mg capsule (product),,
425,SNOMED-CT,409229002,.\PHVS_DrugDiseaseInteraction_Dengue.txt,Oxaprozin potassium 600mg tablet (product),,
426,SNOMED-CT,49267000,.\PHVS_DrugDiseaseInteraction_Dengue.txt,Oxyphenbutazone (product),,
427,SNOMED-CT,348468004,.\PHVS_DrugDiseaseInteraction_Dengue.txt,Paracetamol+sodium salicylate 150mg/100mg tablet (product),,
428,SNOMED-CT,395289008,.\PHVS_DrugDiseaseInteraction_Dengue.txt,Parecoxib (product),,
429,SNOMED-CT,407912002,.\PHVS_DrugDiseaseInteraction_Dengue.txt,Parecoxib 40mg injection (pdr for recon) (product),,
430,SNOMED-CT,407913007,.\PHVS_DrugDiseaseInteraction_Dengue.txt,Parecoxib 40mg injection (pdr for recon)+diluent (product),,
431,SNOMED-CT,350319008,.\PHVS_DrugDiseaseInteraction_Dengue.txt,Parenteral form diclofenac (product),,
432,SNOMED-CT,421839006,.\PHVS_DrugDiseaseInteraction_Dengue.txt,Parenteral form ibuprofen (product),,
433,SNOMED-CT,424385004,.\PHVS_DrugDiseaseInteraction_Dengue.txt,Parenteral form indomethacin (product),,
434,SNOMED-CT,437749002,.\PHVS_DrugDiseaseInteraction_Dengue.txt,Parenteral form ketoprofen (product),,
435,SNOMED-CT,356263005,.\PHVS_DrugDiseaseInteraction_Dengue.txt,Parenteral form ketorolac (product),,
436,SNOMED-CT,428646005,.\PHVS_DrugDiseaseInteraction_Dengue.txt,Parenteral form lornoxicam (product),,
437,SNOMED-CT,437905005,.\PHVS_DrugDiseaseInteraction_Dengue.txt,Parenteral form piroxicam (product),,
438,SNOMED-CT,48351000,.\PHVS_DrugDiseaseInteraction_Dengue.txt,Phenylbutazone (product),,
439,SNOMED-CT,374348005,.\PHVS_DrugDiseaseInteraction_Dengue.txt,Phenylbutazone 100mg capsule (product),,
440,SNOMED-CT,347249002,.\PHVS_DrugDiseaseInteraction_Dengue.txt,Phenylbutazone 100mg e/c tablet (product),,
441,SNOMED-CT,376147005,.\PHVS_DrugDiseaseInteraction_Dengue.txt,Phenylbutazone 100mg powder (product),,
442,SNOMED-CT,329854004,.\PHVS_DrugDiseaseInteraction_Dengue.txt,Phenylbutazone 100mg tablet (product),,
443,SNOMED-CT,376149008,.\PHVS_DrugDiseaseInteraction_Dengue.txt,Phenylbutazone 200mg paste (product),,
444,SNOMED-CT,329855003,.\PHVS_DrugDiseaseInteraction_Dengue.txt,Phenylbutazone 200mg tablet (product),,
445,SNOMED-CT,376148000,.\PHVS_DrugDiseaseInteraction_Dengue.txt,Phenylbutazone 200mg/g gel (product),,
446,SNOMED-CT,412475001,.\PHVS_DrugDiseaseInteraction_Dengue.txt,Phenyltoloxamine + magnesium salicylate (product),,
447,SNOMED-CT,27754002,.\PHVS_DrugDiseaseInteraction_Dengue.txt,Piroxicam (product),,
448,SNOMED-CT,330233004,.\PHVS_DrugDiseaseInteraction_Dengue.txt,Piroxicam 0.5% gel (product),,
449,SNOMED-CT,329862007,.\PHVS_DrugDiseaseInteraction_Dengue.txt,Piroxicam 10mg capsule (product),,
450,SNOMED-CT,329881004,.\PHVS_DrugDiseaseInteraction_Dengue.txt,Piroxicam 10mg dispersible tablet (product),,
451,SNOMED-CT,329863002,.\PHVS_DrugDiseaseInteraction_Dengue.txt,Piroxicam 20mg capsule (product),,
452,SNOMED-CT,329882006,.\PHVS_DrugDiseaseInteraction_Dengue.txt,Piroxicam 20mg dispersible tablet (product),,
453,SNOMED-CT,329880003,.\PHVS_DrugDiseaseInteraction_Dengue.txt,Piroxicam 20mg melt tablet (product),,
454,SNOMED-CT,329883001,.\PHVS_DrugDiseaseInteraction_Dengue.txt,Piroxicam 20mg suppository (product),,
455,SNOMED-CT,329904006,.\PHVS_DrugDiseaseInteraction_Dengue.txt,Piroxicam 20mg tablet (product),,
456,SNOMED-CT,329879001,.\PHVS_DrugDiseaseInteraction_Dengue.txt,Piroxicam 20mg/1mL injection solution 1mL ampule (product),,
457,SNOMED-CT,329903000,.\PHVS_DrugDiseaseInteraction_Dengue.txt,Piroxicam-beta-cyclodextrin (product),,
458,SNOMED-CT,350314003,.\PHVS_DrugDiseaseInteraction_Dengue.txt,Rectal Aspirin (product),,
459,SNOMED-CT,350318000,.\PHVS_DrugDiseaseInteraction_Dengue.txt,Rectal form diclofenac (product),,
460,SNOMED-CT,424201008,.\PHVS_DrugDiseaseInteraction_Dengue.txt,Rectal form indomethacin (product),,
461,SNOMED-CT,438097008,.\PHVS_DrugDiseaseInteraction_Dengue.txt,Rectal form ketoprofen (product),,
462,SNOMED-CT,427159000,.\PHVS_DrugDiseaseInteraction_Dengue.txt,Rectal form meloxicam (product),,
463,SNOMED-CT,438461006,.\PHVS_DrugDiseaseInteraction_Dengue.txt,Rectal form naproxen (product),,
464,SNOMED-CT,437906006,.\PHVS_DrugDiseaseInteraction_Dengue.txt,Rectal form piroxicam (product),,
465,SNOMED-CT,349821008,.\PHVS_DrugDiseaseInteraction_Dengue.txt,Rectal mesalazine (product),,
466,SNOMED-CT,349823006,.\PHVS_DrugDiseaseInteraction_Dengue.txt,Rectal sulfasalazine (product),,
467,SNOMED-CT,116095002,.\PHVS_DrugDiseaseInteraction_Dengue.txt,Rofecoxib (product),,
468,SNOMED-CT,330162006,.\PHVS_DrugDiseaseInteraction_Dengue.txt,Rofecoxib 12.5mg tablet (product),,
469,SNOMED-CT,330164007,.\PHVS_DrugDiseaseInteraction_Dengue.txt,Rofecoxib 12.5mg/5mL oral suspension (product),,
470,SNOMED-CT,330163001,.\PHVS_DrugDiseaseInteraction_Dengue.txt,Rofecoxib 25mg tablet (product),,
471,SNOMED-CT,330165008,.\PHVS_DrugDiseaseInteraction_Dengue.txt,Rofecoxib 25mg/5mL oral suspension (product),,
472,SNOMED-CT,388930005,.\PHVS_DrugDiseaseInteraction_Dengue.txt,Rofecoxib 50mg tablet (product),,
473,SNOMED-CT,400325002,.\PHVS_DrugDiseaseInteraction_Dengue.txt,Salicylamide (product),,
474,SNOMED-CT,350312004,.\PHVS_DrugDiseaseInteraction_Dengue.txt,Salicylate product (product),,
475,SNOMED-CT,13252002,.\PHVS_DrugDiseaseInteraction_Dengue.txt,Salsalate (product),,
476,SNOMED-CT,376731002,.\PHVS_DrugDiseaseInteraction_Dengue.txt,Salsalate 500mg capsule (product),,
477,SNOMED-CT,376655004,.\PHVS_DrugDiseaseInteraction_Dengue.txt,Salsalate 500mg tablet (product),,
478,SNOMED-CT,376732009,.\PHVS_DrugDiseaseInteraction_Dengue.txt,Salsalate 750mg tablet (product),,
479,SNOMED-CT,72968006,.\PHVS_DrugDiseaseInteraction_Dengue.txt,Sodium salicylate (product),,
480,SNOMED-CT,370185001,.\PHVS_DrugDiseaseInteraction_Dengue.txt,Sodium salicylate 325mg e/c tablet (product),,
481,SNOMED-CT,370186000,.\PHVS_DrugDiseaseInteraction_Dengue.txt,Sodium salicylate 650mg e/c tablet (product),,
482,SNOMED-CT,374742008,.\PHVS_DrugDiseaseInteraction_Dengue.txt,Sodium thiosalicylate 50mg/mL injection solution ampule (product),,
483,SNOMED-CT,45844004,.\PHVS_DrugDiseaseInteraction_Dengue.txt,Sulfasalazine (product),,
484,SNOMED-CT,317430009,.\PHVS_DrugDiseaseInteraction_Dengue.txt,Sulfasalazine 250mg/5mL oral suspension (product),,
485,SNOMED-CT,317433006,.\PHVS_DrugDiseaseInteraction_Dengue.txt,Sulfasalazine 3g/100mL retention enema (product),,
486,SNOMED-CT,330040008,.\PHVS_DrugDiseaseInteraction_Dengue.txt,Sulfasalazine 500mg e/c tablet (product),,
487,SNOMED-CT,388868006,.\PHVS_DrugDiseaseInteraction_Dengue.txt,Sulfasalazine 500mg m/r tablet (product),,
488,SNOMED-CT,317432001,.\PHVS_DrugDiseaseInteraction_Dengue.txt,Sulfasalazine 500mg suppository (product),,
489,SNOMED-CT,317431008,.\PHVS_DrugDiseaseInteraction_Dengue.txt,Sulfasalazine 500mg tablet (product),,
490,SNOMED-CT,89505005,.\PHVS_DrugDiseaseInteraction_Dengue.txt,Sulindac (product),,
491,SNOMED-CT,329887000,.\PHVS_DrugDiseaseInteraction_Dengue.txt,Sulindac 100mg tablet (product),,
492,SNOMED-CT,375512001,.\PHVS_DrugDiseaseInteraction_Dengue.txt,Sulindac 150mg tablet (product),,
493,SNOMED-CT,329888005,.\PHVS_DrugDiseaseInteraction_Dengue.txt,Sulindac 200mg tablet (product),,
494,SNOMED-CT,398627003,.\PHVS_DrugDiseaseInteraction_Dengue.txt,Suprofen (product),,
495,SNOMED-CT,329913008,.\PHVS_DrugDiseaseInteraction_Dengue.txt,Tenoxicam (product),,
496,SNOMED-CT,329921002,.\PHVS_DrugDiseaseInteraction_Dengue.txt,Tenoxicam 20mg powder and solvent for injection solution vial (product),,
497,SNOMED-CT,329914002,.\PHVS_DrugDiseaseInteraction_Dengue.txt,Tenoxicam 20mg tablet (product),,
498,SNOMED-CT,423989009,.\PHVS_DrugDiseaseInteraction_Dengue.txt,Tepoxalin (product),,
499,SNOMED-CT,32960005,.\PHVS_DrugDiseaseInteraction_Dengue.txt,Thiosalicylate (product),,
500,SNOMED-CT,329889002,.\PHVS_DrugDiseaseInteraction_Dengue.txt,Tiaprofenic acid (product),,
501,SNOMED-CT,329895001,.\PHVS_DrugDiseaseInteraction_Dengue.txt,Tiaprofenic acid 200mg tablet (product),,
502,SNOMED-CT,329894002,.\PHVS_DrugDiseaseInteraction_Dengue.txt,Tiaprofenic acid 300mg m/r capsule (product),,
503,SNOMED-CT,329896000,.\PHVS_DrugDiseaseInteraction_Dengue.txt,Tiaprofenic acid 300mg tablet (product),,
504,SNOMED-CT,322817007,.\PHVS_DrugDiseaseInteraction_Dengue.txt,Tolfenamic acid (product),,
505,SNOMED-CT,322820004,.\PHVS_DrugDiseaseInteraction_Dengue.txt,Tolfenamic acid 200mg tablet (product),,
506,SNOMED-CT,45680002,.\PHVS_DrugDiseaseInteraction_Dengue.txt,Tolmetin (product),,
507,SNOMED-CT,370228005,.\PHVS_DrugDiseaseInteraction_Dengue.txt,Tolmetin sodium 200mg tablet (product),,
508,SNOMED-CT,375121005,.\PHVS_DrugDiseaseInteraction_Dengue.txt,Tolmetin sodium 400mg capsule (product),,
509,SNOMED-CT,374240001,.\PHVS_DrugDiseaseInteraction_Dengue.txt,Tolmetin sodium 600mg tablet (product),,
510,SNOMED-CT,349350007,.\PHVS_DrugDiseaseInteraction_Dengue.txt,Topical form diclofenac (product),,
511,SNOMED-CT,350322005,.\PHVS_DrugDiseaseInteraction_Dengue.txt,Topical form ibuprofen (product),,
512,SNOMED-CT,438497002,.\PHVS_DrugDiseaseInteraction_Dengue.txt,Topical form ketoprofen (product),,
513,SNOMED-CT,438986005,.\PHVS_DrugDiseaseInteraction_Dengue.txt,Topical form piroxicam (product),,
514,SNOMED-CT,398944002,.\PHVS_DrugDiseaseInteraction_Dengue.txt,Trolamine salicylate (product),,
515,SNOMED-CT,385583007,.\PHVS_DrugDiseaseInteraction_Dengue.txt,Valdecoxib (product),,
516,SNOMED-CT,385585000,.\PHVS_DrugDiseaseInteraction_Dengue.txt,Valdecoxib 10mg tablet (product),,
517,SNOMED-CT,385586004,.\PHVS_DrugDiseaseInteraction_Dengue.txt,Valdecoxib 20mg tablet (product),,
518,SNOMED-CT,408146004,.\PHVS_DrugDiseaseInteraction_Dengue.txt,Valdecoxib 40mg tablet (product),,
0,SNOMED-CT,243617008,.\PHVS_LabResult_Arbovirus.txt,Bunyavirus serogroup California (organism),,
1,SNOMED-CT,64979004,.\PHVS_LabResult_Arbovirus.txt,California encephalitis virus (organism),,
2,SNOMED-CT,243601002,.\PHVS_LabResult_Arbovirus.txt,Eastern equine encephalitis virus (organism),,
3,SNOMED-CT,9194001,.\PHVS_LabResult_Arbovirus.txt,Jamestown Canyon virus (organism),,
4,SNOMED-CT,61399004,.\PHVS_LabResult_Arbovirus.txt,Keystone virus (organism),,
5,SNOMED-CT,30434006,.\PHVS_LabResult_Arbovirus.txt,La Crosse virus (organism),,
6,SNOMED-CT,45838003,.\PHVS_LabResult_Arbovirus.txt,Powassan virus (organism),,
7,SNOMED-CT,58432001,.\PHVS_LabResult_Arbovirus.txt,Saint Louis encephalitis virus (organism),,
8,SNOMED-CT,28732002,.\PHVS_LabResult_Arbovirus.txt,Snowshoe hare virus (organism),,
9,SNOMED-CT,87919008,.\PHVS_LabResult_Arbovirus.txt,Trivittatus virus (organism),,
10,SNOMED-CT,57311007,.\PHVS_LabResult_Arbovirus.txt,West Nile virus (organism),,
11,SNOMED-CT,11428003,.\PHVS_LabResult_Arbovirus.txt,Western equine encephalomyelitis virus (organism),,
0,SNOMED-CT,2423009,.\PHVS_LabResult_Chikungunya.txt,Chikungunya virus (organism),,
0,LOINC,51663-3,.\PHVS_LabTestName_Arbovirus.txt,Alphavirus RNA XXX Ql PCR,,
1,LOINC,44074-3,.\PHVS_LabTestName_Arbovirus.txt,Arbovirus Ab Ser IF-Imp,,
2,LOINC,36899-3,.\PHVS_LabTestName_Arbovirus.txt,Arbovirus Ab XXX,,
3,LOINC,36895-1,.\PHVS_LabTestName_Arbovirus.txt,Arbovirus Ab XXX IF,,
4,LOINC,50034-8,.\PHVS_LabTestName_Arbovirus.txt,Arbovirus Ab XXX Nt,,
5,LOINC,6309-9,.\PHVS_LabTestName_Arbovirus.txt,Arbovirus Bld Cult,,
6,LOINC,53804-1,.\PHVS_LabTestName_Arbovirus.txt,Arbovirus IgG Pnl Ser IF,,
7,LOINC,53802-5,.\PHVS_LabTestName_Arbovirus.txt,Arbovirus IgG Ser IF-Imp,,
8,LOINC,43905-9,.\PHVS_LabTestName_Arbovirus.txt,Arbovirus IgG Ser Ql,,
9,LOINC,49094-6,.\PHVS_LabTestName_Arbovirus.txt,Arbovirus IgG+IgM Pnl CSF IF,,
10,LOINC,49093-8,.\PHVS_LabTestName_Arbovirus.txt,Arbovirus IgG+IgM Pnl Ser IF,,
11,LOINC,74032-4,.\PHVS_LabTestName_Arbovirus.txt,Arbovirus IgM pnl Ser,,
12,LOINC,40584-5,.\PHVS_LabTestName_Arbovirus.txt,Arbovirus IgM Ser Ql,,
13,LOINC,74033-2,.\PHVS_LabTestName_Arbovirus.txt,Arbovirus IgM Ser Ql IF,,
14,LOINC,31223-1,.\PHVS_LabTestName_Arbovirus.txt,Arbovirus NOS Ab Ser-aCnc,,
15,LOINC,43092-6,.\PHVS_LabTestName_Arbovirus.txt,Arbovirus NOS Ab Titr Ser,,
16,LOINC,26014-1,.\PHVS_LabTestName_Arbovirus.txt,Arbovirus NOS Ab Titr Ser CF,,
17,LOINC,74031-6,.\PHVS_LabTestName_Arbovirus.txt,Arbovirus Ser IF,,
18,LOINC,6310-7,.\PHVS_LabTestName_Arbovirus.txt,Arbovirus XXX Cult,,
19,LOINC,71699-3,.\PHVS_LabTestName_Arbovirus.txt,Flavivirus Ag XXX Ql ImStn,,
20,LOINC,51665-8,.\PHVS_LabTestName_Arbovirus.txt,Flavivirus RNA XXX Ql PCR,,
21,LOINC,49114-2,.\PHVS_LabTestName_Arbovirus.txt,Flavivirus rRNA Bld PCR-aCnc,,
22,LOINC,6406-3,.\PHVS_LabTestName_Arbovirus.txt,Flavivirus XXX Cult,,
23,LOINC,80205-8,.\PHVS_LabTestName_Arbovirus.txt,JEV+TBEV+WNV+YFV IgG SerPl Ql IF,,
24,LOINC,80206-6,.\PHVS_LabTestName_Arbovirus.txt,JEV+TBEV+WNV+YFV IgM Ser Ql IF,,
25,LOINC,82464-9,.\PHVS_LabTestName_Arbovirus.txt,Mosquito count Environ spec,,
26,LOINC,82465-6,.\PHVS_LabTestName_Arbovirus.txt,Mosquito Environ spec,,
0,LOINC,26623-9,.\PHVS_LabTestName_Chikungunya.txt,CHIKV Ab Ser Ql,,
1,LOINC,74821-0,.\PHVS_LabTestName_Chikungunya.txt,CHIKV Ab Ser Ql HAI,,
2,LOINC,43064-5,.\PHVS_LabTestName_Chikungunya.txt,CHIKV Ab Titr Ser,,
3,LOINC,40505-0,.\PHVS_LabTestName_Chikungunya.txt,CHIKV Ab Titr Ser HAI,,
4,LOINC,82297-3,.\PHVS_LabTestName_Chikungunya.txt,CHIKV E1+E2 IgG Ser Ql IA,,
5,LOINC,56129-0,.\PHVS_LabTestName_Chikungunya.txt,CHIKV IgG SerPl Ql IF,,
6,LOINC,56128-2,.\PHVS_LabTestName_Chikungunya.txt,CHIKV IgG Titr SerPl IF,,
7,LOINC,57934-2,.\PHVS_LabTestName_Chikungunya.txt,CHIKV IgM Ser Ql,,
8,LOINC,56131-6,.\PHVS_LabTestName_Chikungunya.txt,CHIKV IgM SerPl Ql IF,,
9,LOINC,56130-8,.\PHVS_LabTestName_Chikungunya.txt,CHIKV IgM Titr SerPl IF,,
10,LOINC,81153-9,.\PHVS_LabTestName_Chikungunya.txt,CHIKV nsP1 RNA CSF Ql PCR,,
11,LOINC,81152-1,.\PHVS_LabTestName_Chikungunya.txt,CHIKV nsP1 RNA Ser Ql PCR,,
12,LOINC,60260-7,.\PHVS_LabTestName_Chikungunya.txt,CHIKV RNA SerPl Ql PCR,,
13,LOINC,51664-1,.\PHVS_LabTestName_Chikungunya.txt,CHIKV RNA XXX Ql PCR,,
14,LOINC,81154-7,.\PHVS_LabTestName_Chikungunya.txt,DENV + CHIKV + ZIKV Pnl Patient PCR,,
15,LOINC,82464-9,.\PHVS_LabTestName_Chikungunya.txt,Mosquito count Environ spec,,
16,LOINC,82465-6,.\PHVS_LabTestName_Chikungunya.txt,Mosquito Environ spec,,
0,LOINC,81154-7,.\PHVS_LabTestName_Dengue.txt,DENV + CHIKV + ZIKV Pnl Patient PCR,,
1,LOINC,81151-3,.\PHVS_LabTestName_Dengue.txt,DENV 1+2+3+4 5' UTR RNA CSF Ql PCR,,
2,LOINC,81150-5,.\PHVS_LabTestName_Dengue.txt,DENV 1+2+3+4 5' UTR RNA Ser Ql PCR,,
3,LOINC,77958-7,.\PHVS_LabTestName_Dengue.txt,DENV 1+2+3+4 RNA CSF Ql PCR,,
4,LOINC,16740-3,.\PHVS_LabTestName_Dengue.txt,DENV Ab Ser Ql,,
5,LOINC,40748-6,.\PHVS_LabTestName_Dengue.txt,DENV Ab Ser Ql HAI,,
6,LOINC,7859-2,.\PHVS_LabTestName_Dengue.txt,DENV Ab Ser-aCnc,,
7,LOINC,33606-5,.\PHVS_LabTestName_Dengue.txt,DENV Ab Titr Ser,,
8,LOINC,40515-9,.\PHVS_LabTestName_Dengue.txt,DENV Ab Titr Ser CF,,
9,LOINC,55369-3,.\PHVS_LabTestName_Dengue.txt,DENV Ab Titr Ser HAI,,
10,LOINC,33578-6,.\PHVS_LabTestName_Dengue.txt,DENV Ab Titr Ser IF,,
11,LOINC,55438-6,.\PHVS_LabTestName_Dengue.txt,DENV Ab Titr Ser Nt,,
12,LOINC,31343-7,.\PHVS_LabTestName_Dengue.txt,DENV Ab XXX Ql,,
13,LOINC,50036-3,.\PHVS_LabTestName_Dengue.txt,DENV Ab XXX Ql Nt,,
14,LOINC,31342-9,.\PHVS_LabTestName_Dengue.txt,DENV Ab XXX-aCnc,,
15,LOINC,31798-2,.\PHVS_LabTestName_Dengue.txt,DENV Ag Ser Ql,,
16,LOINC,6384-2,.\PHVS_LabTestName_Dengue.txt,DENV Ag Ser Ql IF,,
17,LOINC,31799-0,.\PHVS_LabTestName_Dengue.txt,DENV Ag XXX Ql,,
18,LOINC,6385-9,.\PHVS_LabTestName_Dengue.txt,DENV Ag XXX Ql IF,,
19,LOINC,6386-7,.\PHVS_LabTestName_Dengue.txt,DENV DNA Ser Ql Prb,,
20,LOINC,6387-5,.\PHVS_LabTestName_Dengue.txt,DENV DNA XXX Ql Prb,,
21,LOINC,23991-3,.\PHVS_LabTestName_Dengue.txt,DENV IgG Ser EIA-aCnc,,
22,LOINC,29676-4,.\PHVS_LabTestName_Dengue.txt,DENV IgG Ser Ql,,
23,LOINC,29661-6,.\PHVS_LabTestName_Dengue.txt,DENV IgG Ser Ql EIA,,
24,LOINC,23958-2,.\PHVS_LabTestName_Dengue.txt,DENV IgG Ser-aCnc,,
25,LOINC,6811-4,.\PHVS_LabTestName_Dengue.txt,DENV IgG Titr Ser,,
26,LOINC,41878-0,.\PHVS_LabTestName_Dengue.txt,DENV IgG+IgM Pnl Ser EIA-aCnc,,
27,LOINC,51785-4,.\PHVS_LabTestName_Dengue.txt,DENV IgG+IgM Ser-Imp,,
28,LOINC,75223-8,.\PHVS_LabTestName_Dengue.txt,DENV IgG+IgM SerPlBld EIA.rapid,,
29,LOINC,34721-1,.\PHVS_LabTestName_Dengue.txt,DENV IgM CSF Ql,,
30,LOINC,23992-1,.\PHVS_LabTestName_Dengue.txt,DENV IgM Ser EIA-aCnc,,
31,LOINC,25338-5,.\PHVS_LabTestName_Dengue.txt,DENV IgM Ser Ql,,
32,LOINC,29663-2,.\PHVS_LabTestName_Dengue.txt,DENV IgM Ser Ql EIA,,
33,LOINC,25392-2,.\PHVS_LabTestName_Dengue.txt,DENV IgM Ser Ql IB,,
34,LOINC,23968-1,.\PHVS_LabTestName_Dengue.txt,DENV IgM Ser-aCnc,,
35,LOINC,6812-2,.\PHVS_LabTestName_Dengue.txt,DENV IgM Titr Ser,,
36,LOINC,75377-2,.\PHVS_LabTestName_Dengue.txt,DENV NS1 Ag SerPlBld Ql EIA.rapid,,
37,LOINC,22250-5,.\PHVS_LabTestName_Dengue.txt,DENV1 Ab Ser Ql,,
38,LOINC,7854-3,.\PHVS_LabTestName_Dengue.txt,DENV1 Ab Ser Ql EIA,,
39,LOINC,31338-7,.\PHVS_LabTestName_Dengue.txt,DENV1 Ab Ser-aCnc,,
40,LOINC,16736-1,.\PHVS_LabTestName_Dengue.txt,DENV1 Ab Titr Ser,,
41,LOINC,60262-3,.\PHVS_LabTestName_Dengue.txt,DENV1 RNA Ser Ql PCR,,
42,LOINC,7855-0,.\PHVS_LabTestName_Dengue.txt,DENV1+2+3+4 RNA Ser Ql PCR,,
43,LOINC,22251-3,.\PHVS_LabTestName_Dengue.txt,DENV2 Ab Ser Ql,,
44,LOINC,7856-8,.\PHVS_LabTestName_Dengue.txt,DENV2 Ab Ser Ql EIA,,
45,LOINC,31339-5,.\PHVS_LabTestName_Dengue.txt,DENV2 Ab Ser-aCnc,,
46,LOINC,16737-9,.\PHVS_LabTestName_Dengue.txt,DENV2 Ab Titr Ser,,
47,LOINC,60420-7,.\PHVS_LabTestName_Dengue.txt,DENV2 RNA Ser Ql PCR,,
48,LOINC,22252-1,.\PHVS_LabTestName_Dengue.txt,DENV3 Ab Ser Ql,,
49,LOINC,7857-6,.\PHVS_LabTestName_Dengue.txt,DENV3 Ab Ser Ql EIA,,
50,LOINC,31340-3,.\PHVS_LabTestName_Dengue.txt,DENV3 Ab Ser-aCnc,,
51,LOINC,16738-7,.\PHVS_LabTestName_Dengue.txt,DENV3 Ab Titr Ser,,
52,LOINC,60419-9,.\PHVS_LabTestName_Dengue.txt,DENV3 RNA Ser Ql PCR,,
53,LOINC,22253-9,.\PHVS_LabTestName_Dengue.txt,DENV4 Ab Ser Ql,,
54,LOINC,7858-4,.\PHVS_LabTestName_Dengue.txt,DENV4 Ab Ser Ql EIA,,
55,LOINC,31341-1,.\PHVS_LabTestName_Dengue.txt,DENV4 Ab Ser-aCnc,,
56,LOINC,16739-5,.\PHVS_LabTestName_Dengue.txt,DENV4 Ab Titr Ser,,
57,LOINC,60418-1,.\PHVS_LabTestName_Dengue.txt,DENV4 RNA Ser Ql PCR,,
58,LOINC,6382-6,.\PHVS_LabTestName_Dengue.txt,Deprecated DENV Ab Ser,,
59,LOINC,6383-4,.\PHVS_LabTestName_Dengue.txt,Deprecated DENV Ab XXX,,
60,LOINC,82464-9,.\PHVS_LabTestName_Dengue.txt,Mosquito count Environ spec,,
61,LOINC,82465-6,.\PHVS_LabTestName_Dengue.txt,Mosquito Environ spec,,
0,LOINC,81154-7,.\PHVS_LabTestName_ZikaVirus.txt,DENV + CHIKV + ZIKV Pnl Patient PCR,,
1,LOINC,82464-9,.\PHVS_LabTestName_ZikaVirus.txt,Mosquito count Environ spec,,
2,LOINC,82465-6,.\PHVS_LabTestName_ZikaVirus.txt,Mosquito Environ spec,,
3,LOINC,81149-7,.\PHVS_LabTestName_ZikaVirus.txt,Zika E gene Amn Ql PCR,,
4,LOINC,80826-1,.\PHVS_LabTestName_ZikaVirus.txt,Zika E gene CSF Ql PCR,,
5,LOINC,80825-3,.\PHVS_LabTestName_ZikaVirus.txt,Zika E gene Ser Ql PCR,,
6,LOINC,81148-9,.\PHVS_LabTestName_ZikaVirus.txt,Zika E gene Ur Ql PCR,,
7,LOINC,80618-2,.\PHVS_LabTestName_ZikaVirus.txt,ZIKV IgM CSF EIA-aCnc,,
8,LOINC,80823-8,.\PHVS_LabTestName_ZikaVirus.txt,ZIKV IgM CSF Ql EIA,,
9,LOINC,80619-0,.\PHVS_LabTestName_ZikaVirus.txt,ZIKV IgM Ser EIA-aCnc,,
10,LOINC,80824-6,.\PHVS_LabTestName_ZikaVirus.txt,ZIKV IgM Ser Ql EIA,,
11,LOINC,80821-2,.\PHVS_LabTestName_ZikaVirus.txt,ZIKV NAb CSF Ql Nt,,
12,LOINC,80822-0,.\PHVS_LabTestName_ZikaVirus.txt,ZIKV NAb Ser Ql Nt,,
13,LOINC,80624-0,.\PHVS_LabTestName_ZikaVirus.txt,ZIKV NAb sp1 Titr CSF Nt,,
14,LOINC,80622-4,.\PHVS_LabTestName_ZikaVirus.txt,ZIKV NAb sp1 Titr Ser Nt,,
15,LOINC,80625-7,.\PHVS_LabTestName_ZikaVirus.txt,ZIKV NAb sp2 Titr CSF Nt,,
16,LOINC,80623-2,.\PHVS_LabTestName_ZikaVirus.txt,ZIKV NAb sp2 Titr Ser Nt,,
17,LOINC,80621-6,.\PHVS_LabTestName_ZikaVirus.txt,ZIKV NAb Titr CSF Nt,,
18,LOINC,80620-8,.\PHVS_LabTestName_ZikaVirus.txt,ZIKV NAb Titr Ser Nt,,
19,LOINC,79190-5,.\PHVS_LabTestName_ZikaVirus.txt,ZIKV RNA XXX Ql PCR,,
0,PHIN VS (CDC Local Coding System),PHC1446,.\PHVS_PosNeg4FoldRiseNotDone_CDC.txt,Greater than or equal to 4 fold rise,,
1,SNOMED-CT,260385009,.\PHVS_PosNeg4FoldRiseNotDone_CDC.txt,Negative (qualifier value),,
2,SNOMED-CT,10828004,.\PHVS_PosNeg4FoldRiseNotDone_CDC.txt,Positive (qualifier value),,
3,SNOMED-CT,373121007,.\PHVS_PosNeg4FoldRiseNotDone_CDC.txt,Test not done (qualifier value),,
0,SNOMED-CT,42425007,.\PHVS_PosNegEquivNotDone_CDC.txt,Equivocal (qualifier value),,
1,SNOMED-CT,260385009,.\PHVS_PosNegEquivNotDone_CDC.txt,Negative (qualifier value),,
2,SNOMED-CT,10828004,.\PHVS_PosNegEquivNotDone_CDC.txt,Positive (qualifier value),,
3,SNOMED-CT,373121007,.\PHVS_PosNegEquivNotDone_CDC.txt,Test not done (qualifier value),,
0,SNOMED-CT,386661006,.\PHVS_SignsSymptoms_Arbovirus.txt,Fever,,
1,SNOMED-CT,43724002,.\PHVS_SignsSymptoms_Arbovirus.txt,Chills or Rigors,,
2,SNOMED-CT,271795006,.\PHVS_SignsSymptoms_Arbovirus.txt,Fatigue or Malaise,,
3,SNOMED-CT,271807003,.\PHVS_SignsSymptoms_Arbovirus.txt,Rash,,
4,SNOMED-CT,68962001,.\PHVS_SignsSymptoms_Arbovirus.txt,Myalgia,,
5,SNOMED-CT,57676002,.\PHVS_SignsSymptoms_Arbovirus.txt,Arthralgia,,
6,SNOMED-CT,3723001,.\PHVS_SignsSymptoms_Arbovirus.txt,Arthritis,,
7,SNOMED-CT,25064002,.\PHVS_SignsSymptoms_Arbovirus.txt,Headache,,
8,SNOMED-CT,44695005,.\PHVS_SignsSymptoms_Arbovirus.txt,Paralysis or Paresis,,
9,SNOMED-CT,161882006,.\PHVS_SignsSymptoms_Arbovirus.txt,Stiff Neck,,
10,SNOMED-CT,20262006,.\PHVS_SignsSymptoms_Arbovirus.txt,Ataxia,,
11,SNOMED-CT,32798002,.\PHVS_SignsSymptoms_Arbovirus.txt,Parkinsonism,,
12,SNOMED-CT,419284004,.\PHVS_SignsSymptoms_Arbovirus.txt,Altered Mental Status,,
13,SNOMED-CT,91175000,.\PHVS_SignsSymptoms_Arbovirus.txt,Seizures,,
14,SNOMED-CT,9826008,.\PHVS_SignsSymptoms_Arbovirus.txt,Conjunctivitis,,
15,PHIN VS (CDC Local Coding System),PHC1400,.\PHVS_SignsSymptoms_Arbovirus.txt,Retro-orbital Pain (pain behind eye),,
16,SNOMED-CT,422587007,.\PHVS_SignsSymptoms_Arbovirus.txt,Nausea,,
17,SNOMED-CT,422400008,.\PHVS_SignsSymptoms_Arbovirus.txt,Vomiting,,
18,SNOMED-CT,62315008,.\PHVS_SignsSymptoms_Arbovirus.txt,Diarrhea,,
19,SNOMED-CT,21522001,.\PHVS_SignsSymptoms_Arbovirus.txt,Abdominal pain or Tenderness,,
20,SNOMED-CT,196746003,.\PHVS_SignsSymptoms_Arbovirus.txt,Persistent vomiting,,
21,SNOMED-CT,80515008,.\PHVS_SignsSymptoms_Arbovirus.txt,Liver enlargement (Hepatomegaly),,
22,PHIN VS (CDC Local Coding System),PHC1401,.\PHVS_SignsSymptoms_Arbovirus.txt,"Extravascular Fluid Accumulation (e.g. Pleural, Pericardial effusion, Ascites)",,
23,PHIN VS (CDC Local Coding System),PHC1402,.\PHVS_SignsSymptoms_Arbovirus.txt,"Mucosal Bleeding (e.g. Epistaxis - nose bleeding, gastrointestinalbleeding)",,
24,PHIN VS (CDC Local Coding System),PHC1403,.\PHVS_SignsSymptoms_Arbovirus.txt,"Severe plasma leakage (shock, pleural effusion)",,
25,PHIN VS (CDC Local Coding System),PHC1404,.\PHVS_SignsSymptoms_Arbovirus.txt,Severe bleeding,,
26,PHIN VS (CDC Local Coding System),PHC1405,.\PHVS_SignsSymptoms_Arbovirus.txt,"Severe Organ Involvement (Liver, Heart, Neurologic - central nervous system)",,
0,SNOMED-CT,84387000,.\PHVS_SignsSymptoms_Zika.txt,Asymptomatic,,
1,SNOMED-CT,271749004,.\PHVS_SignsSymptoms_Zika.txt,Acute onset of fever,,
2,SNOMED-CT,47725002,.\PHVS_SignsSymptoms_Zika.txt,Maculopapular rash,,
3,SNOMED-CT,57676002,.\PHVS_SignsSymptoms_Zika.txt,Arthralgia,,
4,SNOMED-CT,9826008,.\PHVS_SignsSymptoms_Zika.txt,Conjunctivitis,,
5,SNOMED-CT,68962001,.\PHVS_SignsSymptoms_Zika.txt,Myalgia,,
6,SNOMED-CT,25064002,.\PHVS_SignsSymptoms_Zika.txt,Headache,,
0,SNOMED-CT,429881000124104,.\PHVS_SpecimenType_Zika.txt,Acute phase serum specimen (specimen),,
1,SNOMED-CT,410729004,.\PHVS_SpecimenType_Zika.txt,Amniocentesis fluid sample (specimen),,
2,SNOMED-CT,119373006,.\PHVS_SpecimenType_Zika.txt,Amniotic fluid specimen (specimen),,
3,SNOMED-CT,703430008,.\PHVS_SpecimenType_Zika.txt,Arterial cord blood specimen (specimen),,
4,SNOMED-CT,122561005,.\PHVS_SpecimenType_Zika.txt,Blood specimen from patient (specimen),,
5,SNOMED-CT,258450006,.\PHVS_SpecimenType_Zika.txt,Cerebrospinal fluid sample (specimen),,
6,SNOMED-CT,429891000124101,.\PHVS_SpecimenType_Zika.txt,Convalescent phase serum specimen (specimen),,
7,SNOMED-CT,122556008,.\PHVS_SpecimenType_Zika.txt,Cord blood specimen (specimen),,
8,SNOMED-CT,122557004,.\PHVS_SpecimenType_Zika.txt,Cord blood specimen from fetus (specimen),,
9,SNOMED-CT,430389009,.\PHVS_SpecimenType_Zika.txt,Cytologic material obtained from amniotic fluid (specimen),,
10,SNOMED-CT,110968003,.\PHVS_SpecimenType_Zika.txt,Fetal cytologic material (specimen),,
11,SNOMED-CT,309502007,.\PHVS_SpecimenType_Zika.txt,Fetus specimen (specimen),,
12,SNOMED-CT,122590004,.\PHVS_SpecimenType_Zika.txt,Serum specimen from patient (specimen),,
13,SNOMED-CT,431234000,.\PHVS_SpecimenType_Zika.txt,Specimen from fetus obtained by biopsy (specimen),,
14,SNOMED-CT,703431007,.\PHVS_SpecimenType_Zika.txt,Venous cord blood specimen (specimen),,
0,Country (ISO 3166-1),VIR,.\PHVS_ZikaAffectedAreas_CDC.txt, U.S. VIRGIN ISLANDS,,
1,Country (ISO 3166-1),ASM,.\PHVS_ZikaAffectedAreas_CDC.txt,AMERICAN SAMOA,,
2,Country (ISO 3166-1),AIA,.\PHVS_ZikaAffectedAreas_CDC.txt,ANGUILLA,,
3,Country (ISO 3166-1),ATG,.\PHVS_ZikaAffectedAreas_CDC.txt,ANTIGUA AND BARBUDA,,
4,Country (ISO 3166-1),ARG,.\PHVS_ZikaAffectedAreas_CDC.txt,ARGENTINA,,
5,Country (ISO 3166-1),ABW,.\PHVS_ZikaAffectedAreas_CDC.txt,ARUBA,,
6,Country (ISO 3166-1),BHS,.\PHVS_ZikaAffectedAreas_CDC.txt,BAHAMAS,,
7,Country (ISO 3166-1),BRB,.\PHVS_ZikaAffectedAreas_CDC.txt,BARBADOS,,
8,Country (ISO 3166-1),BLZ,.\PHVS_ZikaAffectedAreas_CDC.txt,BELIZE,,
9,Country (ISO 3166-1),BOL,.\PHVS_ZikaAffectedAreas_CDC.txt,BOLIVIA,,
10,Country (ISO 3166-1),BES,.\PHVS_ZikaAffectedAreas_CDC.txt,"BONAIRE, SINT EUSTATIUS and SABA",,
11,Country (ISO 3166-1),BRA,.\PHVS_ZikaAffectedAreas_CDC.txt,BRAZIL,,
12,Country (ISO 3166-1),CPV,.\PHVS_ZikaAffectedAreas_CDC.txt,CAPE VERDE,,
13,Country (ISO 3166-1),CYM,.\PHVS_ZikaAffectedAreas_CDC.txt,CAYMAN ISLANDS,,
14,Country (ISO 3166-1),COL,.\PHVS_ZikaAffectedAreas_CDC.txt,COLOMBIA,,
15,Country (ISO 3166-1),CRI,.\PHVS_ZikaAffectedAreas_CDC.txt,COSTA RICA,,
16,Country (ISO 3166-1),CUB,.\PHVS_ZikaAffectedAreas_CDC.txt,CUBA,,
17,Country (ISO 3166-1),CUW,.\PHVS_ZikaAffectedAreas_CDC.txt,CURACAO,,
18,Country (ISO 3166-1),DMA,.\PHVS_ZikaAffectedAreas_CDC.txt,DOMINICA,,
19,Country (ISO 3166-1),DOM,.\PHVS_ZikaAffectedAreas_CDC.txt,DOMINICAN REPUBLIC,,
20,Country (ISO 3166-1),ECU,.\PHVS_ZikaAffectedAreas_CDC.txt,ECUADOR,,
21,Country (ISO 3166-1),SLV,.\PHVS_ZikaAffectedAreas_CDC.txt,EL SALVADOR,,
22,Country (ISO 3166-1),FJI,.\PHVS_ZikaAffectedAreas_CDC.txt,FIJI,,
23,Country (ISO 3166-1),GUF,.\PHVS_ZikaAffectedAreas_CDC.txt,FRENCH GUIANA,,
24,Country (ISO 3166-1),GRD,.\PHVS_ZikaAffectedAreas_CDC.txt,GRENADA,,
25,Country (ISO 3166-1),GLP,.\PHVS_ZikaAffectedAreas_CDC.txt,GUADELOUPE,,
26,Country (ISO 3166-1),GTM,.\PHVS_ZikaAffectedAreas_CDC.txt,GUATEMALA,,
27,Country (ISO 3166-1),GUY,.\PHVS_ZikaAffectedAreas_CDC.txt,GUYANA,,
28,Country (ISO 3166-1),HTI,.\PHVS_ZikaAffectedAreas_CDC.txt,HAITI,,
29,Country (ISO 3166-1),HND,.\PHVS_ZikaAffectedAreas_CDC.txt,HONDURAS,,
30,Country (ISO 3166-1),JAM,.\PHVS_ZikaAffectedAreas_CDC.txt,JAMAICA,,
31,Country (ISO 3166-1),FSM,.\PHVS_ZikaAffectedAreas_CDC.txt,"KOSRAE, FEDERATED STATES OF MICRONESIA",,
32,Country (ISO 3166-1),MHL,.\PHVS_ZikaAffectedAreas_CDC.txt,MARSHALL ISLANDS,,
33,Country (ISO 3166-1),MTQ,.\PHVS_ZikaAffectedAreas_CDC.txt,MARTINIQUE,,
34,Country (ISO 3166-1),MEX,.\PHVS_ZikaAffectedAreas_CDC.txt,MEXICO,,
35,Country (ISO 3166-1),NCL,.\PHVS_ZikaAffectedAreas_CDC.txt,NEW CALEDONIA,,
36,Country (ISO 3166-1),NIC,.\PHVS_ZikaAffectedAreas_CDC.txt,NICARAGUA,,
37,Country (ISO 3166-1),PAN,.\PHVS_ZikaAffectedAreas_CDC.txt,PANAMA,,
38,Country (ISO 3166-1),PNG,.\PHVS_ZikaAffectedAreas_CDC.txt,PAPUA NEW GUINEA,,
39,Country (ISO 3166-1),PRY,.\PHVS_ZikaAffectedAreas_CDC.txt,PARAGUAY,,
40,Country (ISO 3166-1),PER,.\PHVS_ZikaAffectedAreas_CDC.txt,PERU,,
41,Country (ISO 3166-1),PRI,.\PHVS_ZikaAffectedAreas_CDC.txt,PUERTO RICO,,
42,Country (ISO 3166-1),BLM,.\PHVS_ZikaAffectedAreas_CDC.txt,SAINT BARTHLEMY,,
43,Country (ISO 3166-1),LCA,.\PHVS_ZikaAffectedAreas_CDC.txt,SAINT LUCIA,,
44,Country (ISO 3166-1),MAF,.\PHVS_ZikaAffectedAreas_CDC.txt,SAINT MARTIN,,
45,Country (ISO 3166-1),VCT,.\PHVS_ZikaAffectedAreas_CDC.txt,SAINT VINCENT AND THE GRENADINES,,
46,Country (ISO 3166-1),WSM,.\PHVS_ZikaAffectedAreas_CDC.txt,SAMOA,,
47,Country (ISO 3166-1),SGP,.\PHVS_ZikaAffectedAreas_CDC.txt,SINGAPORE,,
48,Country (ISO 3166-1),SXM,.\PHVS_ZikaAffectedAreas_CDC.txt,SINT MAARTEN (DUTCH PART),,
49,Country (ISO 3166-1),SUR,.\PHVS_ZikaAffectedAreas_CDC.txt,SURINAME,,
50,Country (ISO 3166-1),TON,.\PHVS_ZikaAffectedAreas_CDC.txt,TONGA,,
51,Country (ISO 3166-1),TTO,.\PHVS_ZikaAffectedAreas_CDC.txt,TRINIDAD AND TOBAGO,,
52,Country (ISO 3166-1),TCA,.\PHVS_ZikaAffectedAreas_CDC.txt,TURKS AND CAICOS ISLANDS,,
53,Country (ISO 3166-1),USA,.\PHVS_ZikaAffectedAreas_CDC.txt,UNITED STATES,,
54,Country (ISO 3166-1),VEN,.\PHVS_ZikaAffectedAreas_CDC.txt,VENEZUELA,,
55,Country (ISO 3166-1),VGB,.\PHVS_ZikaAffectedAreas_CDC.txt,"VIRGIN ISLANDS, BRITISH",,
